trialNum, blockWidth, MillisTime, pos, leftTriggerProbability, MouseX, MouseY, Start/CollectionDiameter, ForageDiameter, CircleX0, Circle Y0, CircleX1, CircleY1, CircleX2, CircleyY2, TrialState
1,1,4611.0,1,0.1,844,897,20,150,840,900,540,500,1140,500,2
1,1,4631.0,1,0.1,844,897,20,150,840,900,540,500,1140,500,2
1,1,4652.0,1,0.1,844,897,20,150,840,900,540,500,1140,500,2
1,1,4671.0,1,0.1,844,898,20,150,840,900,540,500,1140,500,2
1,1,4694.0,1,0.1,844,898,20,150,840,900,540,500,1140,500,2
1,1,4711.0,1,0.1,844,898,20,150,840,900,540,500,1140,500,2
1,1,4733.0,1,0.1,844,899,20,150,840,900,540,500,1140,500,2
1,1,4752.0,1,0.1,844,901,20,150,840,900,540,500,1140,500,2
1,1,4771.0,1,0.1,844,901,20,150,840,900,540,500,1140,500,2
1,1,4791.0,1,0.1,844,901,20,150,840,900,540,500,1140,500,2
1,1,4812.0,1,0.1,839,897,20,150,840,900,540,500,1140,500,2
1,1,4834.0,1,0.1,828,877,20,150,840,900,540,500,1140,500,2
1,1,4853.0,1,0.1,808,833,20,150,840,900,540,500,1140,500,2
1,1,4873.0,1,0.1,768,764,20,150,840,900,540,500,1140,500,2
1,1,4891.0,1,0.1,708,665,20,150,840,900,540,500,1140,500,2
1,1,4913.0,1,0.1,645,570,20,150,840,900,540,500,1140,500,2
1,1,4931.0,1,0.1,561,440,20,150,840,900,540,500,1140,500,2
1,1,4952.0,1,0.1,537,418,20,150,840,900,540,500,1140,500,2
1,1,4972.0,1,0.1,530,413,20,150,840,900,540,500,1140,500,2
1,1,4991.0,1,0.1,529,413,20,150,840,900,540,500,1140,500,2
1,1,5012.0,1,0.1,524,413,20,150,840,900,540,500,1140,500,2
1,1,5031.0,1,0.1,508,416,20,150,840,900,540,500,1140,500,2
1,1,5052.0,1,0.1,508,416,20,150,840,900,540,500,1140,500,2
1,1,5071.0,1,0.1,500,419,20,150,840,900,540,500,1140,500,2
1,1,5091.0,1,0.1,500,420,20,150,840,900,540,500,1140,500,2
1,1,5111.0,1,0.1,500,420,20,150,840,900,540,500,1140,500,2
1,1,5133.0,1,0.1,500,426,20,150,840,900,540,500,1140,500,2
1,1,5152.0,1,0.1,511,439,20,150,840,900,540,500,1140,500,2
1,1,5171.0,1,0.1,541,463,20,150,840,900,540,500,1140,500,2
1,1,5192.0,1,0.1,592,495,20,150,840,900,540,500,1140,500,2
1,1,5212.0,1,0.1,728,548,20,150,840,900,540,500,1140,500,2
1,1,5232.0,1,0.1,834,557,20,150,840,900,540,500,1140,500,2
1,1,5253.0,1,0.1,935,555,20,150,840,900,540,500,1140,500,2
1,1,5271.0,1,0.1,1003,545,20,150,840,900,540,500,1140,500,2
1,1,5292.0,1,0.1,1048,530,20,150,840,900,540,500,1140,500,2
1,1,5313.0,1,0.1,1096,511,20,150,840,900,540,500,1140,500,2
1,1,5330.0,1,0.1,1102,507,20,150,840,900,540,500,1140,500,3
1,1,5351.0,1,0.1,1103,504,20,150,840,900,540,500,1140,500,3
1,1,5374.0,1,0.1,1103,502,20,150,840,900,540,500,1140,500,3
1,1,5393.0,1,0.1,1104,502,20,150,840,900,540,500,1140,500,3
1,1,5413.0,1,0.1,1104,501,20,150,840,900,540,500,1140,500,3
1,1,5432.0,1,0.1,1104,501,20,150,840,900,540,500,1140,500,3
1,1,5453.0,1,0.1,1104,501,20,150,840,900,540,500,1140,500,3
1,1,5471.0,1,0.1,1104,501,20,150,840,900,540,500,1140,500,3
1,1,5491.0,1,0.1,1104,501,20,150,840,900,540,500,1140,500,3
1,1,5510.0,1,0.1,1104,501,20,150,840,900,540,500,1140,500,3
1,1,5531.0,1,0.1,1104,501,20,150,840,900,540,500,1140,500,3
1,1,5551.0,1,0.1,1104,501,20,150,840,900,540,500,1140,500,3
1,1,5571.0,1,0.1,1104,504,20,150,840,900,540,500,1140,500,3
1,1,5593.0,1,0.1,1103,521,20,150,840,900,540,500,1140,500,3
1,1,5611.0,1,0.1,1063,605,20,150,840,900,540,500,1140,500,3
1,1,5633.0,1,0.1,1026,676,20,150,840,900,540,500,1140,500,3
1,1,5651.0,1,0.1,975,751,20,150,840,900,540,500,1140,500,3
1,1,5671.0,1,0.1,920,817,20,150,840,900,540,500,1140,500,3
1,1,5693.0,1,0.1,885,857,20,150,840,900,540,500,1140,500,3
1,1,5713.0,1,0.1,867,883,20,150,840,900,540,500,1140,500,3
1,1,5733.0,1,0.1,866,886,20,150,840,900,540,500,1140,500,3
1,1,5751.0,1,0.1,865,887,20,150,840,900,540,500,1140,500,3
1,1,5772.0,1,0.1,865,889,20,150,840,900,540,500,1140,500,3
1,1,5793.0,1,0.1,864,889,20,150,840,900,540,500,1140,500,3
1,1,5811.0,1,0.1,864,889,20,150,840,900,540,500,1140,500,3
1,1,5833.0,1,0.1,864,890,20,150,840,900,540,500,1140,500,3
1,1,5852.0,1,0.1,848,898,20,150,840,900,540,500,1140,500,3
2,1,5871.0,1,0.1,844,900,20,150,840,900,540,500,1140,500,1
2,1,5892.0,1,0.9,844,900,20,150,840,900,540,500,1140,500,2
2,1,5911.0,1,0.9,844,901,20,150,840,900,540,500,1140,500,2
2,1,5931.0,1,0.9,843,901,20,150,840,900,540,500,1140,500,2
2,1,5951.0,1,0.9,839,901,20,150,840,900,540,500,1140,500,2
2,1,5971.0,1,0.9,833,901,20,150,840,900,540,500,1140,500,2
2,1,5994.0,1,0.9,830,901,20,150,840,900,540,500,1140,500,2
2,1,6012.0,1,0.9,829,901,20,150,840,900,540,500,1140,500,2
2,1,6034.0,1,0.9,829,901,20,150,840,900,540,500,1140,500,2
2,1,6052.0,1,0.9,829,901,20,150,840,900,540,500,1140,500,2
2,1,6071.0,1,0.9,829,901,20,150,840,900,540,500,1140,500,2
2,1,6093.0,1,0.9,829,901,20,150,840,900,540,500,1140,500,2
2,1,6113.0,1,0.9,833,900,20,150,840,900,540,500,1140,500,2
2,1,6132.0,1,0.9,856,886,20,150,840,900,540,500,1140,500,2
2,1,6151.0,1,0.9,900,856,20,150,840,900,540,500,1140,500,2
2,1,6171.0,1,0.9,982,793,20,150,840,900,540,500,1140,500,2
2,1,6193.0,1,0.9,1056,704,20,150,840,900,540,500,1140,500,2
2,1,6213.0,1,0.9,1139,584,20,150,840,900,540,500,1140,500,2
2,1,6233.0,1,0.9,1152,551,20,150,840,900,540,500,1140,500,2
2,1,6253.0,1,0.9,1155,526,20,150,840,900,540,500,1140,500,2
2,1,6271.0,1,0.9,1155,508,20,150,840,900,540,500,1140,500,2
2,1,6291.0,1,0.9,1153,495,20,150,840,900,540,500,1140,500,2
2,1,6311.0,1,0.9,1152,488,20,150,840,900,540,500,1140,500,2
2,1,6332.0,1,0.9,1151,484,20,150,840,900,540,500,1140,500,2
2,1,6353.0,1,0.9,1151,484,20,150,840,900,540,500,1140,500,2
2,1,6372.0,1,0.9,1151,483,20,150,840,900,540,500,1140,500,2
2,1,6394.0,1,0.9,1151,482,20,150,840,900,540,500,1140,500,2
2,1,6412.0,1,0.9,1151,481,20,150,840,900,540,500,1140,500,2
2,1,6432.0,1,0.9,1151,481,20,150,840,900,540,500,1140,500,2
2,1,6453.0,1,0.9,1148,481,20,150,840,900,540,500,1140,500,2
2,1,6472.0,1,0.9,1135,489,20,150,840,900,540,500,1140,500,2
2,1,6492.0,1,0.9,1103,512,20,150,840,900,540,500,1140,500,2
2,1,6513.0,1,0.9,1054,560,20,150,840,900,540,500,1140,500,2
2,1,6532.0,1,0.9,988,637,20,150,840,900,540,500,1140,500,2
2,1,6551.0,1,0.9,921,687,20,150,840,900,540,500,1140,500,2
2,1,6572.0,1,0.9,842,704,20,150,840,900,540,500,1140,500,2
2,1,6594.0,1,0.9,808,691,20,150,840,900,540,500,1140,500,2
2,1,6611.0,1,0.9,769,664,20,150,840,900,540,500,1140,500,2
2,1,6631.0,1,0.9,721,643,20,150,840,900,540,500,1140,500,2
2,1,6653.0,1,0.9,670,621,20,150,840,900,540,500,1140,500,2
2,1,6672.0,1,0.9,572,577,20,150,840,900,540,500,1140,500,2
2,1,6691.0,1,0.9,528,557,20,150,840,900,540,500,1140,500,2
2,1,6714.0,1,0.9,519,554,20,150,840,900,540,500,1140,500,3
2,1,6732.0,1,0.9,518,553,20,150,840,900,540,500,1140,500,3
2,1,6754.0,1,0.9,518,552,20,150,840,900,540,500,1140,500,3
2,1,6771.0,1,0.9,513,548,20,150,840,900,540,500,1140,500,3
2,1,6792.0,1,0.9,507,536,20,150,840,900,540,500,1140,500,3
2,1,6811.0,1,0.9,499,520,20,150,840,900,540,500,1140,500,3
2,1,6831.0,1,0.9,494,504,20,150,840,900,540,500,1140,500,3
2,1,6854.0,1,0.9,490,493,20,150,840,900,540,500,1140,500,3
2,1,6873.0,1,0.9,490,489,20,150,840,900,540,500,1140,500,3
2,1,6891.0,1,0.9,493,489,20,150,840,900,540,500,1140,500,3
2,1,6914.0,1,0.9,517,501,20,150,840,900,540,500,1140,500,3
2,1,6931.0,1,0.9,571,543,20,150,840,900,540,500,1140,500,3
2,1,6953.0,1,0.9,622,611,20,150,840,900,540,500,1140,500,3
2,1,6973.0,1,0.9,670,696,20,150,840,900,540,500,1140,500,3
2,1,6991.0,1,0.9,726,805,20,150,840,900,540,500,1140,500,3
2,1,7011.0,1,0.9,789,891,20,150,840,900,540,500,1140,500,3
2,1,7031.0,1,0.9,820,925,20,150,840,900,540,500,1140,500,3
2,1,7051.0,1,0.9,830,931,20,150,840,900,540,500,1140,500,3
2,1,7071.0,1,0.9,833,933,20,150,840,900,540,500,1140,500,3
2,1,7092.0,1,0.9,835,933,20,150,840,900,540,500,1140,500,3
2,1,7112.0,1,0.9,838,933,20,150,840,900,540,500,1140,500,3
2,1,7133.0,1,0.9,840,933,20,150,840,900,540,500,1140,500,3
2,1,7151.0,1,0.9,841,936,20,150,840,900,540,500,1140,500,3
2,1,7171.0,1,0.9,842,938,20,150,840,900,540,500,1140,500,3
2,1,7191.0,1,0.9,843,941,20,150,840,900,540,500,1140,500,3
2,1,7211.0,1,0.9,843,941,20,150,840,900,540,500,1140,500,3
2,1,7231.0,1,0.9,843,941,20,150,840,900,540,500,1140,500,3
2,1,7254.0,1,0.9,843,940,20,150,840,900,540,500,1140,500,3
2,1,7271.0,1,0.9,841,928,20,150,840,900,540,500,1140,500,3
2,1,7292.0,1,0.9,841,924,20,150,840,900,540,500,1140,500,3
2,1,7314.0,1,0.9,841,919,20,150,840,900,540,500,1140,500,3
2,1,7331.0,1,0.9,841,916,20,150,840,900,540,500,1140,500,3
2,1,7351.0,1,0.9,841,911,20,150,840,900,540,500,1140,500,3
2,1,7373.0,1,0.9,840,898,20,150,840,900,540,500,1140,500,3
3,1,7392.0,1,0.9,838,896,20,150,840,900,540,500,1140,500,1
3,1,7412.0,1,0.5,838,894,20,150,840,900,540,500,1140,500,2
3,1,7433.0,1,0.5,838,894,20,150,840,900,540,500,1140,500,2
3,1,7452.0,1,0.5,838,894,20,150,840,900,540,500,1140,500,2
3,1,7472.0,1,0.5,838,894,20,150,840,900,540,500,1140,500,2
3,1,7492.0,1,0.5,838,894,20,150,840,900,540,500,1140,500,2
3,1,7511.0,1,0.5,837,894,20,150,840,900,540,500,1140,500,2
3,1,7534.0,1,0.5,835,894,20,150,840,900,540,500,1140,500,2
3,1,7553.0,1,0.5,829,890,20,150,840,900,540,500,1140,500,2
3,1,7574.0,1,0.5,819,876,20,150,840,900,540,500,1140,500,2
3,1,7591.0,1,0.5,800,842,20,150,840,900,540,500,1140,500,2
3,1,7611.0,1,0.5,781,803,20,150,840,900,540,500,1140,500,2
3,1,7631.0,1,0.5,762,736,20,150,840,900,540,500,1140,500,2
3,1,7651.0,1,0.5,670,541,20,150,840,900,540,500,1140,500,2
3,1,7672.0,1,0.5,595,430,20,150,840,900,540,500,1140,500,2
3,1,7691.0,1,0.5,544,377,20,150,840,900,540,500,1140,500,2
3,1,7712.0,1,0.5,534,369,20,150,840,900,540,500,1140,500,2
3,1,7734.0,1,0.5,532,368,20,150,840,900,540,500,1140,500,2
3,1,7751.0,1,0.5,531,368,20,150,840,900,540,500,1140,500,2
3,1,7772.0,1,0.5,530,368,20,150,840,900,540,500,1140,500,2
3,1,7792.0,1,0.5,528,368,20,150,840,900,540,500,1140,500,2
3,1,7812.0,1,0.5,524,372,20,150,840,900,540,500,1140,500,2
3,1,7833.0,1,0.5,519,380,20,150,840,900,540,500,1140,500,2
3,1,7852.0,1,0.5,519,380,20,150,840,900,540,500,1140,500,2
3,1,7873.0,1,0.5,515,418,20,150,840,900,540,500,1140,500,2
3,1,7892.0,1,0.5,520,458,20,150,840,900,540,500,1140,500,2
3,1,7913.0,1,0.5,529,488,20,150,840,900,540,500,1140,500,3
3,1,7931.0,1,0.5,537,501,20,150,840,900,540,500,1140,500,3
3,1,7951.0,1,0.5,538,504,20,150,840,900,540,500,1140,500,3
3,1,7973.0,1,0.5,544,504,20,150,840,900,540,500,1140,500,3
3,1,7991.0,1,0.5,556,504,20,150,840,900,540,500,1140,500,3
3,1,8014.0,1,0.5,562,504,20,150,840,900,540,500,1140,500,3
3,1,8033.0,1,0.5,566,503,20,150,840,900,540,500,1140,500,3
3,1,8051.0,1,0.5,575,501,20,150,840,900,540,500,1140,500,3
3,1,8071.0,1,0.5,591,497,20,150,840,900,540,500,1140,500,3
3,1,8092.0,1,0.5,630,497,20,150,840,900,540,500,1140,500,3
3,1,8112.0,1,0.5,777,497,20,150,840,900,540,500,1140,500,3
3,1,8135.0,1,0.5,845,496,20,150,840,900,540,500,1140,500,3
3,1,8152.0,1,0.5,881,490,20,150,840,900,540,500,1140,500,3
3,1,8171.0,1,0.5,908,489,20,150,840,900,540,500,1140,500,3
3,1,8192.0,1,0.5,928,486,20,150,840,900,540,500,1140,500,3
3,1,8212.0,1,0.5,948,485,20,150,840,900,540,500,1140,500,3
3,1,8233.0,1,0.5,953,484,20,150,840,900,540,500,1140,500,3
3,1,8252.0,1,0.5,953,484,20,150,840,900,540,500,1140,500,3
3,1,8274.0,1,0.5,953,485,20,150,840,900,540,500,1140,500,3
3,1,8293.0,1,0.5,953,496,20,150,840,900,540,500,1140,500,3
3,1,8323.0,1,0.5,953,524,20,150,840,900,540,500,1140,500,3
3,1,8345.0,1,0.5,953,524,20,150,840,900,540,500,1140,500,3
3,1,8364.0,1,0.5,927,692,20,150,840,900,540,500,1140,500,3
3,1,8383.0,1,0.5,902,788,20,150,840,900,540,500,1140,500,3
3,1,8406.0,1,0.5,869,886,20,150,840,900,540,500,1140,500,3
3,1,8424.0,1,0.5,844,950,20,150,840,900,540,500,1140,500,3
3,1,8446.0,1,0.5,844,950,20,150,840,900,540,500,1140,500,3
3,1,8465.0,1,0.5,844,950,20,150,840,900,540,500,1140,500,3
3,1,8484.0,1,0.5,844,950,20,150,840,900,540,500,1140,500,3
3,1,8505.0,1,0.5,844,950,20,150,840,900,540,500,1140,500,3
3,1,8524.0,1,0.5,844,950,20,150,840,900,540,500,1140,500,3
3,1,8545.0,1,0.5,844,950,20,150,840,900,540,500,1140,500,3
3,1,8563.0,1,0.5,844,950,20,150,840,900,540,500,1140,500,3
3,1,8586.0,1,0.5,844,950,20,150,840,900,540,500,1140,500,3
3,1,8605.0,1,0.5,844,950,20,150,840,900,540,500,1140,500,3
3,1,8626.0,1,0.5,844,950,20,150,840,900,540,500,1140,500,3
3,1,8644.0,1,0.5,844,950,20,150,840,900,540,500,1140,500,3
3,1,8665.0,1,0.5,844,950,20,150,840,900,540,500,1140,500,3
3,1,8683.0,1,0.5,829,910,20,150,840,900,540,500,1140,500,3
3,1,8703.0,1,0.5,831,905,20,150,840,900,540,500,1140,500,3
3,1,8725.0,1,0.5,832,902,20,150,840,900,540,500,1140,500,3
4,1,8745.0,1,0.5,833,898,20,150,840,900,540,500,1140,500,1
4,1,8764.0,1,0.25,833,898,20,150,840,900,540,500,1140,500,2
4,1,8783.0,1,0.25,833,898,20,150,840,900,540,500,1140,500,2
4,1,8806.0,1,0.25,833,898,20,150,840,900,540,500,1140,500,2
4,1,8825.0,1,0.25,833,898,20,150,840,900,540,500,1140,500,2
4,1,8844.0,1,0.25,833,898,20,150,840,900,540,500,1140,500,2
4,1,8863.0,1,0.25,833,898,20,150,840,900,540,500,1140,500,2
4,1,8888.0,1,0.25,833,898,20,150,840,900,540,500,1140,500,2
4,1,8903.0,1,0.25,833,898,20,150,840,900,540,500,1140,500,2
4,1,8924.0,1,0.25,833,898,20,150,840,900,540,500,1140,500,2
4,1,8945.0,1,0.25,836,898,20,150,840,900,540,500,1140,500,2
4,1,8963.0,1,0.25,838,898,20,150,840,900,540,500,1140,500,2
4,1,8985.0,1,0.25,844,897,20,150,840,900,540,500,1140,500,2
4,1,9006.0,1,0.25,849,892,20,150,840,900,540,500,1140,500,2
4,1,9025.0,1,0.25,855,879,20,150,840,900,540,500,1140,500,2
4,1,9044.0,1,0.25,862,854,20,150,840,900,540,500,1140,500,2
4,1,9064.0,1,0.25,866,812,20,150,840,900,540,500,1140,500,2
4,1,9086.0,1,0.25,763,644,20,150,840,900,540,500,1140,500,2
4,1,9103.0,1,0.25,586,527,20,150,840,900,540,500,1140,500,2
4,1,9125.0,1,0.25,391,422,20,150,840,900,540,500,1140,500,3
4,1,9144.0,1,0.25,288,361,20,150,840,900,540,500,1140,500,3
4,1,9164.0,1,0.25,278,354,20,150,840,900,540,500,1140,500,3
4,1,9184.0,1,0.25,278,354,20,150,840,900,540,500,1140,500,3
4,1,9204.0,1,0.25,278,355,20,150,840,900,540,500,1140,500,3
4,1,9226.0,1,0.25,279,359,20,150,840,900,540,500,1140,500,3
4,1,9246.0,1,0.25,288,369,20,150,840,900,540,500,1140,500,3
4,1,9264.0,1,0.25,298,377,20,150,840,900,540,500,1140,500,3
4,1,9285.0,1,0.25,313,386,20,150,840,900,540,500,1140,500,3
4,1,9303.0,1,0.25,355,411,20,150,840,900,540,500,1140,500,3
4,1,9326.0,1,0.25,432,440,20,150,840,900,540,500,1140,500,3
4,1,9343.0,1,0.25,542,476,20,150,840,900,540,500,1140,500,3
4,1,9365.0,1,0.25,621,501,20,150,840,900,540,500,1140,500,3
4,1,9383.0,1,0.25,684,515,20,150,840,900,540,500,1140,500,3
4,1,9404.0,1,0.25,750,520,20,150,840,900,540,500,1140,500,3
4,1,9426.0,1,0.25,870,520,20,150,840,900,540,500,1140,500,3
4,1,9446.0,1,0.25,899,520,20,150,840,900,540,500,1140,500,3
4,1,9466.0,1,0.25,903,520,20,150,840,900,540,500,1140,500,3
4,1,9485.0,1,0.25,903,520,20,150,840,900,540,500,1140,500,3
4,1,9504.0,1,0.25,901,520,20,150,840,900,540,500,1140,500,3
4,1,9526.0,1,0.25,891,523,20,150,840,900,540,500,1140,500,3
4,1,9545.0,1,0.25,789,558,20,150,840,900,540,500,1140,500,3
4,1,9566.0,1,0.25,690,612,20,150,840,900,540,500,1140,500,3
4,1,9583.0,1,0.25,578,696,20,150,840,900,540,500,1140,500,3
4,1,9605.0,1,0.25,504,786,20,150,840,900,540,500,1140,500,3
4,1,9624.0,1,0.25,475,865,20,150,840,900,540,500,1140,500,3
4,1,9644.0,1,0.25,479,921,20,150,840,900,540,500,1140,500,3
4,1,9663.0,1,0.25,493,954,20,150,840,900,540,500,1140,500,3
4,1,9686.0,1,0.25,493,954,20,150,840,900,540,500,1140,500,3
4,1,9705.0,1,0.25,493,954,20,150,840,900,540,500,1140,500,3
4,1,9724.0,1,0.25,493,954,20,150,840,900,540,500,1140,500,3
4,1,9746.0,1,0.25,493,954,20,150,840,900,540,500,1140,500,3
4,1,9765.0,1,0.25,493,954,20,150,840,900,540,500,1140,500,3
4,1,9784.0,1,0.25,609,953,20,150,840,900,540,500,1140,500,3
4,1,9805.0,1,0.25,644,953,20,150,840,900,540,500,1140,500,3
4,1,9825.0,1,0.25,653,953,20,150,840,900,540,500,1140,500,3
4,1,9844.0,1,0.25,659,953,20,150,840,900,540,500,1140,500,3
4,1,9864.0,1,0.25,664,954,20,150,840,900,540,500,1140,500,3
4,1,9886.0,1,0.25,667,956,20,150,840,900,540,500,1140,500,3
4,1,9905.0,1,0.25,667,956,20,150,840,900,540,500,1140,500,3
4,1,9926.0,1,0.25,667,956,20,150,840,900,540,500,1140,500,3
4,1,9944.0,1,0.25,667,956,20,150,840,900,540,500,1140,500,3
4,1,9964.0,1,0.25,667,956,20,150,840,900,540,500,1140,500,3
4,1,9983.0,1,0.25,667,956,20,150,840,900,540,500,1140,500,3
4,1,10005.0,1,0.25,725,956,20,150,840,900,540,500,1140,500,3
4,1,10026.0,1,0.25,728,948,20,150,840,900,540,500,1140,500,3
4,1,10044.0,1,0.25,728,948,20,150,840,900,540,500,1140,500,3
4,1,10065.0,1,0.25,728,948,20,150,840,900,540,500,1140,500,3
4,1,10086.0,1,0.25,728,948,20,150,840,900,540,500,1140,500,3
4,1,10105.0,1,0.25,728,948,20,150,840,900,540,500,1140,500,3
4,1,10124.0,1,0.25,728,948,20,150,840,900,540,500,1140,500,3
4,1,10144.0,1,0.25,791,926,20,150,840,900,540,500,1140,500,3
4,1,10165.0,1,0.25,834,926,20,150,840,900,540,500,1140,500,3
4,1,10185.0,1,0.25,851,927,20,150,840,900,540,500,1140,500,3
4,1,10203.0,1,0.25,855,927,20,150,840,900,540,500,1140,500,3
4,1,10223.0,1,0.25,855,925,20,150,840,900,540,500,1140,500,3
4,1,10247.0,1,0.25,850,915,20,150,840,900,540,500,1140,500,3
4,1,10265.0,1,0.25,847,910,20,150,840,900,540,500,1140,500,3
4,1,10285.0,1,0.25,846,907,20,150,840,900,540,500,1140,500,3
5,1,10303.0,1,0.25,844,903,20,150,840,900,540,500,1140,500,1
5,1,10324.0,1,0.75,844,902,20,150,840,900,540,500,1140,500,2
5,1,10344.0,1,0.75,843,898,20,150,840,900,540,500,1140,500,2
5,1,10365.0,1,0.75,843,898,20,150,840,900,540,500,1140,500,2
5,1,10384.0,1,0.75,840,894,20,150,840,900,540,500,1140,500,2
5,1,10403.0,1,0.75,839,894,20,150,840,900,540,500,1140,500,2
5,1,10426.0,1,0.75,839,894,20,150,840,900,540,500,1140,500,2
5,1,10444.0,1,0.75,839,894,20,150,840,900,540,500,1140,500,2
5,1,10463.0,1,0.75,839,894,20,150,840,900,540,500,1140,500,2
5,1,10484.0,1,0.75,839,892,20,150,840,900,540,500,1140,500,2
5,1,10505.0,1,0.75,837,890,20,150,840,900,540,500,1140,500,2
5,1,10526.0,1,0.75,835,886,20,150,840,900,540,500,1140,500,2
5,1,10545.0,1,0.75,830,869,20,150,840,900,540,500,1140,500,2
5,1,10564.0,1,0.75,811,832,20,150,840,900,540,500,1140,500,2
5,1,10584.0,1,0.75,773,770,20,150,840,900,540,500,1140,500,2
5,1,10606.0,1,0.75,640,621,20,150,840,900,540,500,1140,500,2
5,1,10625.0,1,0.75,594,583,20,150,840,900,540,500,1140,500,2
5,1,10645.0,1,0.75,572,570,20,150,840,900,540,500,1140,500,2
5,1,10666.0,1,0.75,557,563,20,150,840,900,540,500,1140,500,2
5,1,10683.0,1,0.75,548,563,20,150,840,900,540,500,1140,500,3
5,1,10703.0,1,0.75,545,563,20,150,840,900,540,500,1140,500,3
5,1,10723.0,1,0.75,541,563,20,150,840,900,540,500,1140,500,3
5,1,10745.0,1,0.75,538,563,20,150,840,900,540,500,1140,500,3
5,1,10765.0,1,0.75,537,563,20,150,840,900,540,500,1140,500,3
5,1,10785.0,1,0.75,537,563,20,150,840,900,540,500,1140,500,3
5,1,10804.0,1,0.75,537,563,20,150,840,900,540,500,1140,500,3
5,1,10824.0,1,0.75,540,563,20,150,840,900,540,500,1140,500,3
5,1,10845.0,1,0.75,572,556,20,150,840,900,540,500,1140,500,3
5,1,10864.0,1,0.75,666,516,20,150,840,900,540,500,1140,500,3
5,1,10883.0,1,0.75,686,498,20,150,840,900,540,500,1140,500,3
5,1,10905.0,1,0.75,697,481,20,150,840,900,540,500,1140,500,3
5,1,10924.0,1,0.75,703,470,20,150,840,900,540,500,1140,500,3
5,1,10946.0,1,0.75,712,460,20,150,840,900,540,500,1140,500,3
5,1,10963.0,1,0.75,738,450,20,150,840,900,540,500,1140,500,3
5,1,10984.0,1,0.75,755,447,20,150,840,900,540,500,1140,500,3
5,1,11004.0,1,0.75,767,447,20,150,840,900,540,500,1140,500,3
5,1,11027.0,1,0.75,773,447,20,150,840,900,540,500,1140,500,3
5,1,11044.0,1,0.75,778,455,20,150,840,900,540,500,1140,500,3
5,1,11064.0,1,0.75,787,481,20,150,840,900,540,500,1140,500,3
5,1,11084.0,1,0.75,794,541,20,150,840,900,540,500,1140,500,3
5,1,11103.0,1,0.75,799,626,20,150,840,900,540,500,1140,500,3
5,1,11124.0,1,0.75,849,835,20,150,840,900,540,500,1140,500,3
5,1,11146.0,1,0.75,881,912,20,150,840,900,540,500,1140,500,3
5,1,11164.0,1,0.75,895,941,20,150,840,900,540,500,1140,500,3
5,1,11184.0,1,0.75,898,948,20,150,840,900,540,500,1140,500,3
5,1,11203.0,1,0.75,898,948,20,150,840,900,540,500,1140,500,3
5,1,11226.0,1,0.75,896,949,20,150,840,900,540,500,1140,500,3
5,1,11244.0,1,0.75,890,949,20,150,840,900,540,500,1140,500,3
5,1,11265.0,1,0.75,884,947,20,150,840,900,540,500,1140,500,3
5,1,11284.0,1,0.75,878,945,20,150,840,900,540,500,1140,500,3
5,1,11304.0,1,0.75,869,942,20,150,840,900,540,500,1140,500,3
5,1,11325.0,1,0.75,856,939,20,150,840,900,540,500,1140,500,3
5,1,11346.0,1,0.75,855,939,20,150,840,900,540,500,1140,500,3
5,1,11363.0,1,0.75,854,939,20,150,840,900,540,500,1140,500,3
5,1,11386.0,1,0.75,854,939,20,150,840,900,540,500,1140,500,3
5,1,11405.0,1,0.75,853,939,20,150,840,900,540,500,1140,500,3
5,1,11426.0,1,0.75,850,935,20,150,840,900,540,500,1140,500,3
5,1,11445.0,1,0.75,847,928,20,150,840,900,540,500,1140,500,3
5,1,11465.0,1,0.75,841,910,20,150,840,900,540,500,1140,500,3
5,1,11486.0,1,0.75,839,904,20,150,840,900,540,500,1140,500,3
6,1,11504.0,1,0.75,839,897,20,150,840,900,540,500,1140,500,1
6,1,11525.0,2,0.9,839,894,20,150,840,900,540,150,1140,500,2
6,1,11545.0,2,0.9,839,891,20,150,840,900,540,150,1140,500,2
6,1,11567.0,2,0.9,838,885,20,150,840,900,540,150,1140,500,2
6,1,11585.0,2,0.9,838,885,20,150,840,900,540,150,1140,500,2
6,1,11606.0,2,0.9,837,882,20,150,840,900,540,150,1140,500,2
6,1,11626.0,2,0.9,837,882,20,150,840,900,540,150,1140,500,2
6,1,11646.0,2,0.9,837,882,20,150,840,900,540,150,1140,500,2
6,1,11664.0,2,0.9,837,882,20,150,840,900,540,150,1140,500,2
6,1,11684.0,2,0.9,837,882,20,150,840,900,540,150,1140,500,2
6,1,11704.0,2,0.9,836,881,20,150,840,900,540,150,1140,500,2
6,1,11723.0,2,0.9,814,857,20,150,840,900,540,150,1140,500,2
6,1,11747.0,2,0.9,788,821,20,150,840,900,540,150,1140,500,2
6,1,11765.0,2,0.9,756,773,20,150,840,900,540,150,1140,500,2
6,1,11785.0,2,0.9,722,716,20,150,840,900,540,150,1140,500,2
6,1,11805.0,2,0.9,682,639,20,150,840,900,540,150,1140,500,2
6,1,11825.0,2,0.9,614,561,20,150,840,900,540,150,1140,500,2
6,1,11844.0,2,0.9,573,497,20,150,840,900,540,150,1140,500,2
6,1,11864.0,2,0.9,571,478,20,150,840,900,540,150,1140,500,2
6,1,11886.0,2,0.9,571,454,20,150,840,900,540,150,1140,500,2
6,1,11905.0,2,0.9,581,429,20,150,840,900,540,150,1140,500,2
6,1,11925.0,2,0.9,590,396,20,150,840,900,540,150,1140,500,2
6,1,11943.0,2,0.9,599,365,20,150,840,900,540,150,1140,500,2
6,1,11964.0,2,0.9,610,337,20,150,840,900,540,150,1140,500,2
6,1,11984.0,2,0.9,620,316,20,150,840,900,540,150,1140,500,2
6,1,12007.0,2,0.9,625,278,20,150,840,900,540,150,1140,500,2
6,1,12025.0,2,0.9,623,262,20,150,840,900,540,150,1140,500,2
6,1,12044.0,2,0.9,607,240,20,150,840,900,540,150,1140,500,2
6,1,12064.0,2,0.9,579,218,20,150,840,900,540,150,1140,500,2
6,1,12084.0,2,0.9,532,195,20,150,840,900,540,150,1140,500,2
6,1,12103.0,2,0.9,471,159,20,150,840,900,540,150,1140,500,3
6,1,12126.0,2,0.9,427,137,20,150,840,900,540,150,1140,500,3
6,1,12144.0,2,0.9,424,135,20,150,840,900,540,150,1140,500,3
6,1,12164.0,2,0.9,423,135,20,150,840,900,540,150,1140,500,3
6,1,12183.0,2,0.9,423,135,20,150,840,900,540,150,1140,500,3
6,1,12206.0,2,0.9,421,135,20,150,840,900,540,150,1140,500,3
6,1,12226.0,2,0.9,420,134,20,150,840,900,540,150,1140,500,3
6,1,12246.0,2,0.9,420,134,20,150,840,900,540,150,1140,500,3
6,1,12264.0,2,0.9,420,134,20,150,840,900,540,150,1140,500,3
6,1,12285.0,2,0.9,420,133,20,150,840,900,540,150,1140,500,3
6,1,12305.0,2,0.9,446,139,20,150,840,900,540,150,1140,500,3
6,1,12324.0,2,0.9,559,172,20,150,840,900,540,150,1140,500,3
6,1,12344.0,2,0.9,896,321,20,150,840,900,540,150,1140,500,3
6,1,12364.0,2,0.9,983,385,20,150,840,900,540,150,1140,500,3
6,1,12384.0,2,0.9,1030,435,20,150,840,900,540,150,1140,500,3
6,1,12404.0,2,0.9,1062,487,20,150,840,900,540,150,1140,500,3
6,1,12426.0,2,0.9,1081,534,20,150,840,900,540,150,1140,500,3
6,1,12444.0,2,0.9,1101,602,20,150,840,900,540,150,1140,500,3
6,1,12465.0,2,0.9,1102,626,20,150,840,900,540,150,1140,500,3
6,1,12484.0,2,0.9,1102,642,20,150,840,900,540,150,1140,500,3
6,1,12506.0,2,0.9,1096,660,20,150,840,900,540,150,1140,500,3
6,1,12524.0,2,0.9,1087,679,20,150,840,900,540,150,1140,500,3
6,1,12544.0,2,0.9,1082,704,20,150,840,900,540,150,1140,500,3
6,1,12565.0,2,0.9,1076,726,20,150,840,900,540,150,1140,500,3
6,1,12584.0,2,0.9,1066,746,20,150,840,900,540,150,1140,500,3
6,1,12607.0,2,0.9,1061,749,20,150,840,900,540,150,1140,500,3
6,1,12626.0,2,0.9,1050,752,20,150,840,900,540,150,1140,500,3
6,1,12644.0,2,0.9,1038,758,20,150,840,900,540,150,1140,500,3
6,1,12666.0,2,0.9,1018,767,20,150,840,900,540,150,1140,500,3
6,1,12684.0,2,0.9,967,795,20,150,840,900,540,150,1140,500,3
6,1,12707.0,2,0.9,942,810,20,150,840,900,540,150,1140,500,3
6,1,12724.0,2,0.9,918,828,20,150,840,900,540,150,1140,500,3
6,1,12746.0,2,0.9,901,840,20,150,840,900,540,150,1140,500,3
6,1,12766.0,2,0.9,885,851,20,150,840,900,540,150,1140,500,3
6,1,12786.0,2,0.9,870,859,20,150,840,900,540,150,1140,500,3
6,1,12804.0,2,0.9,860,864,20,150,840,900,540,150,1140,500,3
6,1,12825.0,2,0.9,850,871,20,150,840,900,540,150,1140,500,3
6,1,12844.0,2,0.9,840,880,20,150,840,900,540,150,1140,500,3
6,1,12865.0,2,0.9,838,883,20,150,840,900,540,150,1140,500,3
6,1,12885.0,2,0.9,837,885,20,150,840,900,540,150,1140,500,3
6,1,12905.0,2,0.9,836,888,20,150,840,900,540,150,1140,500,3
6,1,12926.0,2,0.9,836,889,20,150,840,900,540,150,1140,500,3
6,1,12944.0,2,0.9,836,893,20,150,840,900,540,150,1140,500,3
7,1,12966.0,2,0.9,836,896,20,150,840,900,540,150,1140,500,1
7,1,12984.0,2,0.1,836,899,20,150,840,900,540,150,1140,500,2
7,1,13006.0,2,0.1,838,901,20,150,840,900,540,150,1140,500,2
7,1,13024.0,2,0.1,840,904,20,150,840,900,540,150,1140,500,2
7,1,13045.0,2,0.1,842,907,20,150,840,900,540,150,1140,500,2
7,1,13066.0,2,0.1,843,908,20,150,840,900,540,150,1140,500,2
7,1,13085.0,2,0.1,844,911,20,150,840,900,540,150,1140,500,2
7,1,13104.0,2,0.1,844,912,20,150,840,900,540,150,1140,500,2
7,1,13127.0,2,0.1,844,912,20,150,840,900,540,150,1140,500,2
7,1,13146.0,2,0.1,844,912,20,150,840,900,540,150,1140,500,2
7,1,13164.0,2,0.1,844,912,20,150,840,900,540,150,1140,500,2
7,1,13186.0,2,0.1,844,910,20,150,840,900,540,150,1140,500,2
7,1,13204.0,2,0.1,811,833,20,150,840,900,540,150,1140,500,2
7,1,13227.0,2,0.1,811,833,20,150,840,900,540,150,1140,500,2
7,1,13245.0,2,0.1,725,647,20,150,840,900,540,150,1140,500,2
7,1,13266.0,2,0.1,675,534,20,150,840,900,540,150,1140,500,2
7,1,13284.0,2,0.1,630,400,20,150,840,900,540,150,1140,500,2
7,1,13304.0,2,0.1,589,257,20,150,840,900,540,150,1140,500,2
7,1,13323.0,2,0.1,550,156,20,150,840,900,540,150,1140,500,2
7,1,13345.0,2,0.1,512,87,20,150,840,900,540,150,1140,500,2
7,1,13366.0,2,0.1,511,84,20,150,840,900,540,150,1140,500,2
7,1,13384.0,2,0.1,511,83,20,150,840,900,540,150,1140,500,2
7,1,13407.0,2,0.1,512,82,20,150,840,900,540,150,1140,500,2
7,1,13423.0,2,0.1,513,81,20,150,840,900,540,150,1140,500,2
7,1,13446.0,2,0.1,515,81,20,150,840,900,540,150,1140,500,2
7,1,13464.0,2,0.1,520,77,20,150,840,900,540,150,1140,500,2
7,1,13486.0,2,0.1,523,75,20,150,840,900,540,150,1140,500,2
7,1,13506.0,2,0.1,528,70,20,150,840,900,540,150,1140,500,2
7,1,13526.0,2,0.1,528,70,20,150,840,900,540,150,1140,500,2
7,1,13544.0,2,0.1,528,70,20,150,840,900,540,150,1140,500,2
7,1,13565.0,2,0.1,529,70,20,150,840,900,540,150,1140,500,2
7,1,13584.0,2,0.1,535,76,20,150,840,900,540,150,1140,500,2
7,1,13605.0,2,0.1,550,98,20,150,840,900,540,150,1140,500,2
7,1,13624.0,2,0.1,645,205,20,150,840,900,540,150,1140,500,2
7,1,13646.0,2,0.1,735,283,20,150,840,900,540,150,1140,500,2
7,1,13666.0,2,0.1,847,377,20,150,840,900,540,150,1140,500,2
7,1,13685.0,2,0.1,930,429,20,150,840,900,540,150,1140,500,2
7,1,13704.0,2,0.1,974,449,20,150,840,900,540,150,1140,500,2
7,1,13725.0,2,0.1,1002,459,20,150,840,900,540,150,1140,500,2
7,1,13746.0,2,0.1,1047,472,20,150,840,900,540,150,1140,500,2
7,1,13766.0,2,0.1,1075,477,20,150,840,900,540,150,1140,500,2
7,1,13785.0,2,0.1,1102,482,20,150,840,900,540,150,1140,500,3
7,1,13806.0,2,0.1,1124,485,20,150,840,900,540,150,1140,500,3
7,1,13826.0,2,0.1,1135,485,20,150,840,900,540,150,1140,500,3
7,1,13843.0,2,0.1,1145,485,20,150,840,900,540,150,1140,500,3
7,1,13867.0,2,0.1,1150,488,20,150,840,900,540,150,1140,500,3
7,1,13885.0,2,0.1,1156,492,20,150,840,900,540,150,1140,500,3
7,1,13904.0,2,0.1,1164,504,20,150,840,900,540,150,1140,500,3
7,1,13925.0,2,0.1,1180,529,20,150,840,900,540,150,1140,500,3
7,1,13943.0,2,0.1,1196,558,20,150,840,900,540,150,1140,500,3
7,1,13965.0,2,0.1,1207,576,20,150,840,900,540,150,1140,500,3
7,1,13985.0,2,0.1,1228,588,20,150,840,900,540,150,1140,500,3
7,1,14004.0,2,0.1,1232,589,20,150,840,900,540,150,1140,500,3
7,1,14024.0,2,0.1,1233,589,20,150,840,900,540,150,1140,500,3
7,1,14047.0,2,0.1,1233,587,20,150,840,900,540,150,1140,500,3
7,1,14063.0,2,0.1,1215,583,20,150,840,900,540,150,1140,500,3
7,1,14085.0,2,0.1,1171,577,20,150,840,900,540,150,1140,500,3
7,1,14104.0,2,0.1,1121,571,20,150,840,900,540,150,1140,500,3
7,1,14124.0,2,0.1,1077,571,20,150,840,900,540,150,1140,500,3
7,1,14144.0,2,0.1,1025,581,20,150,840,900,540,150,1140,500,3
7,1,14164.0,2,0.1,930,636,20,150,840,900,540,150,1140,500,3
7,1,14185.0,2,0.1,885,676,20,150,840,900,540,150,1140,500,3
7,1,14204.0,2,0.1,857,707,20,150,840,900,540,150,1140,500,3
7,1,14224.0,2,0.1,839,730,20,150,840,900,540,150,1140,500,3
7,1,14244.0,2,0.1,827,750,20,150,840,900,540,150,1140,500,3
7,1,14264.0,2,0.1,817,770,20,150,840,900,540,150,1140,500,3
7,1,14285.0,2,0.1,807,799,20,150,840,900,540,150,1140,500,3
7,1,14303.0,2,0.1,807,806,20,150,840,900,540,150,1140,500,3
7,1,14326.0,2,0.1,807,815,20,150,840,900,540,150,1140,500,3
7,1,14345.0,2,0.1,807,822,20,150,840,900,540,150,1140,500,3
7,1,14365.0,2,0.1,810,834,20,150,840,900,540,150,1140,500,3
7,1,14385.0,2,0.1,813,842,20,150,840,900,540,150,1140,500,3
7,1,14405.0,2,0.1,823,864,20,150,840,900,540,150,1140,500,3
7,1,14425.0,2,0.1,825,875,20,150,840,900,540,150,1140,500,3
7,1,14444.0,2,0.1,828,885,20,150,840,900,540,150,1140,500,3
7,1,14465.0,2,0.1,828,895,20,150,840,900,540,150,1140,500,3
7,1,14486.0,2,0.1,831,902,20,150,840,900,540,150,1140,500,3
8,1,14505.0,2,0.1,831,904,20,150,840,900,540,150,1140,500,1
8,1,14524.0,2,0.25,831,904,20,150,840,900,540,150,1140,500,2
8,1,14547.0,2,0.25,831,904,20,150,840,900,540,150,1140,500,2
8,1,14566.0,2,0.25,831,904,20,150,840,900,540,150,1140,500,2
8,1,14586.0,2,0.25,831,904,20,150,840,900,540,150,1140,500,2
8,1,14604.0,2,0.25,831,904,20,150,840,900,540,150,1140,500,2
8,1,14627.0,2,0.25,831,904,20,150,840,900,540,150,1140,500,2
8,1,14645.0,2,0.25,832,905,20,150,840,900,540,150,1140,500,2
8,1,14665.0,2,0.25,835,905,20,150,840,900,540,150,1140,500,2
8,1,14686.0,2,0.25,857,907,20,150,840,900,540,150,1140,500,2
8,1,14706.0,2,0.25,874,905,20,150,840,900,540,150,1140,500,2
8,1,14726.0,2,0.25,888,887,20,150,840,900,540,150,1140,500,2
8,1,14744.0,2,0.25,903,852,20,150,840,900,540,150,1140,500,2
8,1,14765.0,2,0.25,913,806,20,150,840,900,540,150,1140,500,2
8,1,14785.0,2,0.25,938,728,20,150,840,900,540,150,1140,500,2
8,1,14806.0,2,0.25,1004,591,20,150,840,900,540,150,1140,500,2
8,1,14824.0,2,0.25,1004,591,20,150,840,900,540,150,1140,500,2
8,1,14847.0,2,0.25,1042,537,20,150,840,900,540,150,1140,500,2
8,1,14865.0,2,0.25,1048,528,20,150,840,900,540,150,1140,500,2
8,1,14885.0,2,0.25,1052,522,20,150,840,900,540,150,1140,500,2
8,1,14905.0,2,0.25,1056,518,20,150,840,900,540,150,1140,500,2
8,1,14924.0,2,0.25,1062,515,20,150,840,900,540,150,1140,500,2
8,1,14944.0,2,0.25,1067,514,20,150,840,900,540,150,1140,500,2
8,1,14964.0,2,0.25,1085,515,20,150,840,900,540,150,1140,500,2
8,1,14987.0,2,0.25,1104,519,20,150,840,900,540,150,1140,500,2
8,1,15005.0,2,0.25,1124,521,20,150,840,900,540,150,1140,500,2
8,1,15024.0,2,0.25,1130,520,20,150,840,900,540,150,1140,500,2
8,1,15044.0,2,0.25,1133,518,20,150,840,900,540,150,1140,500,2
8,1,15065.0,2,0.25,1134,507,20,150,840,900,540,150,1140,500,2
8,1,15086.0,2,0.25,1134,501,20,150,840,900,540,150,1140,500,2
8,1,15106.0,2,0.25,1135,493,20,150,840,900,540,150,1140,500,2
8,1,15125.0,2,0.25,1135,484,20,150,840,900,540,150,1140,500,2
8,1,15144.0,2,0.25,1133,477,20,150,840,900,540,150,1140,500,2
8,1,15163.0,2,0.25,1126,469,20,150,840,900,540,150,1140,500,2
8,1,15187.0,2,0.25,1090,452,20,150,840,900,540,150,1140,500,2
8,1,15203.0,2,0.25,1027,427,20,150,840,900,540,150,1140,500,2
8,1,15227.0,2,0.25,921,384,20,150,840,900,540,150,1140,500,2
8,1,15246.0,2,0.25,781,325,20,150,840,900,540,150,1140,500,2
8,1,15265.0,2,0.25,666,273,20,150,840,900,540,150,1140,500,2
8,1,15284.0,2,0.25,589,244,20,150,840,900,540,150,1140,500,2
8,1,15304.0,2,0.25,550,229,20,150,840,900,540,150,1140,500,2
8,1,15326.0,2,0.25,534,222,20,150,840,900,540,150,1140,500,2
8,1,15346.0,2,0.25,534,221,20,150,840,900,540,150,1140,500,3
8,1,15366.0,2,0.25,534,217,20,150,840,900,540,150,1140,500,3
8,1,15384.0,2,0.25,534,212,20,150,840,900,540,150,1140,500,3
8,1,15405.0,2,0.25,534,207,20,150,840,900,540,150,1140,500,3
8,1,15424.0,2,0.25,534,202,20,150,840,900,540,150,1140,500,3
8,1,15444.0,2,0.25,538,196,20,150,840,900,540,150,1140,500,3
8,1,15466.0,2,0.25,539,191,20,150,840,900,540,150,1140,500,3
8,1,15486.0,2,0.25,540,181,20,150,840,900,540,150,1140,500,3
8,1,15505.0,2,0.25,540,171,20,150,840,900,540,150,1140,500,3
8,1,15524.0,2,0.25,540,165,20,150,840,900,540,150,1140,500,3
8,1,15547.0,2,0.25,540,164,20,150,840,900,540,150,1140,500,3
8,1,15566.0,2,0.25,540,163,20,150,840,900,540,150,1140,500,3
8,1,15586.0,2,0.25,542,163,20,150,840,900,540,150,1140,500,3
8,1,15605.0,2,0.25,551,179,20,150,840,900,540,150,1140,500,3
8,1,15624.0,2,0.25,576,223,20,150,840,900,540,150,1140,500,3
8,1,15644.0,2,0.25,611,300,20,150,840,900,540,150,1140,500,3
8,1,15664.0,2,0.25,656,421,20,150,840,900,540,150,1140,500,3
8,1,15686.0,2,0.25,724,669,20,150,840,900,540,150,1140,500,3
8,1,15705.0,2,0.25,763,760,20,150,840,900,540,150,1140,500,3
8,1,15727.0,2,0.25,790,803,20,150,840,900,540,150,1140,500,3
8,1,15745.0,2,0.25,801,821,20,150,840,900,540,150,1140,500,3
8,1,15764.0,2,0.25,808,828,20,150,840,900,540,150,1140,500,3
8,1,15784.0,2,0.25,811,831,20,150,840,900,540,150,1140,500,3
8,1,15805.0,2,0.25,819,836,20,150,840,900,540,150,1140,500,3
8,1,15827.0,2,0.25,821,838,20,150,840,900,540,150,1140,500,3
8,1,15846.0,2,0.25,822,839,20,150,840,900,540,150,1140,500,3
8,1,15865.0,2,0.25,823,840,20,150,840,900,540,150,1140,500,3
8,1,15885.0,2,0.25,826,842,20,150,840,900,540,150,1140,500,3
8,1,15905.0,2,0.25,832,847,20,150,840,900,540,150,1140,500,3
8,1,15924.0,2,0.25,840,854,20,150,840,900,540,150,1140,500,3
8,1,15945.0,2,0.25,846,865,20,150,840,900,540,150,1140,500,3
8,1,15967.0,2,0.25,847,874,20,150,840,900,540,150,1140,500,3
8,1,15985.0,2,0.25,847,881,20,150,840,900,540,150,1140,500,3
8,1,16006.0,2,0.25,845,887,20,150,840,900,540,150,1140,500,3
8,1,16025.0,2,0.25,842,893,20,150,840,900,540,150,1140,500,3
9,1,16044.0,2,0.25,842,896,20,150,840,900,540,150,1140,500,1
9,1,16067.0,2,0.75,841,898,20,150,840,900,540,150,1140,500,2
9,1,16085.0,2,0.75,839,899,20,150,840,900,540,150,1140,500,2
9,1,16105.0,2,0.75,838,900,20,150,840,900,540,150,1140,500,2
9,1,16124.0,2,0.75,837,901,20,150,840,900,540,150,1140,500,2
9,1,16144.0,2,0.75,837,902,20,150,840,900,540,150,1140,500,2
9,1,16164.0,2,0.75,837,903,20,150,840,900,540,150,1140,500,2
9,1,16186.0,2,0.75,837,903,20,150,840,900,540,150,1140,500,2
9,1,16205.0,2,0.75,837,903,20,150,840,900,540,150,1140,500,2
9,1,16225.0,2,0.75,836,901,20,150,840,900,540,150,1140,500,2
9,1,16246.0,2,0.75,832,889,20,150,840,900,540,150,1140,500,2
9,1,16264.0,2,0.75,819,858,20,150,840,900,540,150,1140,500,2
9,1,16285.0,2,0.75,782,780,20,150,840,900,540,150,1140,500,2
9,1,16305.0,2,0.75,654,556,20,150,840,900,540,150,1140,500,2
9,1,16325.0,2,0.75,601,464,20,150,840,900,540,150,1140,500,2
9,1,16345.0,2,0.75,574,400,20,150,840,900,540,150,1140,500,2
9,1,16365.0,2,0.75,554,355,20,150,840,900,540,150,1140,500,2
9,1,16384.0,2,0.75,533,308,20,150,840,900,540,150,1140,500,2
9,1,16406.0,2,0.75,507,271,20,150,840,900,540,150,1140,500,2
9,1,16425.0,2,0.75,489,244,20,150,840,900,540,150,1140,500,2
9,1,16445.0,2,0.75,488,240,20,150,840,900,540,150,1140,500,2
9,1,16465.0,2,0.75,487,238,20,150,840,900,540,150,1140,500,2
9,1,16485.0,2,0.75,488,236,20,150,840,900,540,150,1140,500,2
9,1,16504.0,2,0.75,492,234,20,150,840,900,540,150,1140,500,2
9,1,16525.0,2,0.75,500,230,20,150,840,900,540,150,1140,500,2
9,1,16546.0,2,0.75,517,224,20,150,840,900,540,150,1140,500,2
9,1,16565.0,2,0.75,549,205,20,150,840,900,540,150,1140,500,2
9,1,16584.0,2,0.75,558,197,20,150,840,900,540,150,1140,500,3
9,1,16605.0,2,0.75,563,192,20,150,840,900,540,150,1140,500,3
9,1,16625.0,2,0.75,565,187,20,150,840,900,540,150,1140,500,3
9,1,16644.0,2,0.75,565,181,20,150,840,900,540,150,1140,500,3
9,1,16664.0,2,0.75,565,172,20,150,840,900,540,150,1140,500,3
9,1,16685.0,2,0.75,565,162,20,150,840,900,540,150,1140,500,3
9,1,16706.0,2,0.75,564,161,20,150,840,900,540,150,1140,500,3
9,1,16724.0,2,0.75,564,160,20,150,840,900,540,150,1140,500,3
9,1,16744.0,2,0.75,564,159,20,150,840,900,540,150,1140,500,3
9,1,16764.0,2,0.75,565,158,20,150,840,900,540,150,1140,500,3
9,1,16785.0,2,0.75,588,161,20,150,840,900,540,150,1140,500,3
9,1,16806.0,2,0.75,629,181,20,150,840,900,540,150,1140,500,3
9,1,16826.0,2,0.75,704,226,20,150,840,900,540,150,1140,500,3
9,1,16845.0,2,0.75,812,298,20,150,840,900,540,150,1140,500,3
9,1,16865.0,2,0.75,931,393,20,150,840,900,540,150,1140,500,3
9,1,16885.0,2,0.75,1028,466,20,150,840,900,540,150,1140,500,3
9,1,16904.0,2,0.75,1081,505,20,150,840,900,540,150,1140,500,3
9,1,16925.0,2,0.75,1081,505,20,150,840,900,540,150,1140,500,3
9,1,16944.0,2,0.75,1081,506,20,150,840,900,540,150,1140,500,3
9,1,16965.0,2,0.75,1075,511,20,150,840,900,540,150,1140,500,3
9,1,16986.0,2,0.75,1051,536,20,150,840,900,540,150,1140,500,3
9,1,17007.0,2,0.75,1037,563,20,150,840,900,540,150,1140,500,3
9,1,17025.0,2,0.75,1020,592,20,150,840,900,540,150,1140,500,3
9,1,17044.0,2,0.75,996,633,20,150,840,900,540,150,1140,500,3
9,1,17064.0,2,0.75,973,685,20,150,840,900,540,150,1140,500,3
9,1,17084.0,2,0.75,952,745,20,150,840,900,540,150,1140,500,3
9,1,17107.0,2,0.75,921,821,20,150,840,900,540,150,1140,500,3
9,1,17125.0,2,0.75,915,844,20,150,840,900,540,150,1140,500,3
9,1,17147.0,2,0.75,911,860,20,150,840,900,540,150,1140,500,3
9,1,17165.0,2,0.75,905,869,20,150,840,900,540,150,1140,500,3
9,1,17185.0,2,0.75,901,876,20,150,840,900,540,150,1140,500,3
9,1,17204.0,2,0.75,899,878,20,150,840,900,540,150,1140,500,3
9,1,17224.0,2,0.75,894,884,20,150,840,900,540,150,1140,500,3
9,1,17247.0,2,0.75,887,892,20,150,840,900,540,150,1140,500,3
9,1,17267.0,2,0.75,882,894,20,150,840,900,540,150,1140,500,3
9,1,17284.0,2,0.75,879,894,20,150,840,900,540,150,1140,500,3
9,1,17304.0,2,0.75,876,894,20,150,840,900,540,150,1140,500,3
9,1,17324.0,2,0.75,870,894,20,150,840,900,540,150,1140,500,3
9,1,17344.0,2,0.75,851,891,20,150,840,900,540,150,1140,500,3
9,1,17366.0,2,0.75,845,891,20,150,840,900,540,150,1140,500,3
9,1,17386.0,2,0.75,841,891,20,150,840,900,540,150,1140,500,3
10,1,17404.0,2,0.75,839,891,20,150,840,900,540,150,1140,500,1
10,1,17426.0,2,0.5,836,892,20,150,840,900,540,150,1140,500,2
10,1,17444.0,2,0.5,834,892,20,150,840,900,540,150,1140,500,2
10,1,17464.0,2,0.5,833,894,20,150,840,900,540,150,1140,500,2
10,1,17487.0,2,0.5,833,894,20,150,840,900,540,150,1140,500,2
10,1,17507.0,2,0.5,830,896,20,150,840,900,540,150,1140,500,2
10,1,17525.0,2,0.5,830,896,20,150,840,900,540,150,1140,500,2
10,1,17545.0,2,0.5,830,896,20,150,840,900,540,150,1140,500,2
10,1,17564.0,2,0.5,830,896,20,150,840,900,540,150,1140,500,2
10,1,17587.0,2,0.5,830,896,20,150,840,900,540,150,1140,500,2
10,1,17606.0,2,0.5,830,896,20,150,840,900,540,150,1140,500,2
10,1,17625.0,2,0.5,830,896,20,150,840,900,540,150,1140,500,2
10,1,17644.0,2,0.5,830,896,20,150,840,900,540,150,1140,500,2
10,1,17665.0,2,0.5,830,896,20,150,840,900,540,150,1140,500,2
10,1,17685.0,2,0.5,830,896,20,150,840,900,540,150,1140,500,2
10,1,17704.0,2,0.5,842,886,20,150,840,900,540,150,1140,500,2
10,1,17725.0,2,0.5,890,848,20,150,840,900,540,150,1140,500,2
10,1,17744.0,2,0.5,1003,754,20,150,840,900,540,150,1140,500,2
10,1,17766.0,2,0.5,1040,716,20,150,840,900,540,150,1140,500,2
10,1,17785.0,2,0.5,1060,691,20,150,840,900,540,150,1140,500,2
10,1,17804.0,2,0.5,1077,668,20,150,840,900,540,150,1140,500,2
10,1,17826.0,2,0.5,1087,654,20,150,840,900,540,150,1140,500,2
10,1,17845.0,2,0.5,1111,635,20,150,840,900,540,150,1140,500,2
10,1,17867.0,2,0.5,1126,627,20,150,840,900,540,150,1140,500,2
10,1,17887.0,2,0.5,1141,620,20,150,840,900,540,150,1140,500,2
10,1,17905.0,2,0.5,1157,615,20,150,840,900,540,150,1140,500,2
10,1,17925.0,2,0.5,1174,610,20,150,840,900,540,150,1140,500,2
10,1,17945.0,2,0.5,1183,605,20,150,840,900,540,150,1140,500,2
10,1,17964.0,2,0.5,1190,600,20,150,840,900,540,150,1140,500,2
10,1,17985.0,2,0.5,1197,588,20,150,840,900,540,150,1140,500,2
10,1,18004.0,2,0.5,1202,576,20,150,840,900,540,150,1140,500,2
10,1,18027.0,2,0.5,1203,562,20,150,840,900,540,150,1140,500,2
10,1,18044.0,2,0.5,1203,542,20,150,840,900,540,150,1140,500,2
10,1,18064.0,2,0.5,1194,524,20,150,840,900,540,150,1140,500,2
10,1,18085.0,2,0.5,1178,501,20,150,840,900,540,150,1140,500,3
10,1,18104.0,2,0.5,1153,477,20,150,840,900,540,150,1140,500,3
10,1,18126.0,2,0.5,1112,451,20,150,840,900,540,150,1140,500,3
10,1,18146.0,2,0.5,1106,448,20,150,840,900,540,150,1140,500,3
10,1,18165.0,2,0.5,1103,446,20,150,840,900,540,150,1140,500,3
10,1,18185.0,2,0.5,1102,446,20,150,840,900,540,150,1140,500,3
10,1,18205.0,2,0.5,1097,446,20,150,840,900,540,150,1140,500,3
10,1,18225.0,2,0.5,1077,444,20,150,840,900,540,150,1140,500,3
10,1,18246.0,2,0.5,1062,438,20,150,840,900,540,150,1140,500,3
10,1,18267.0,2,0.5,1034,426,20,150,840,900,540,150,1140,500,3
10,1,18285.0,2,0.5,963,386,20,150,840,900,540,150,1140,500,3
10,1,18306.0,2,0.5,864,328,20,150,840,900,540,150,1140,500,3
10,1,18324.0,2,0.5,756,279,20,150,840,900,540,150,1140,500,3
10,1,18347.0,2,0.5,608,226,20,150,840,900,540,150,1140,500,3
10,1,18366.0,2,0.5,570,209,20,150,840,900,540,150,1140,500,3
10,1,18386.0,2,0.5,548,198,20,150,840,900,540,150,1140,500,3
10,1,18405.0,2,0.5,543,195,20,150,840,900,540,150,1140,500,3
10,1,18426.0,2,0.5,543,195,20,150,840,900,540,150,1140,500,3
10,1,18445.0,2,0.5,543,195,20,150,840,900,540,150,1140,500,3
10,1,18466.0,2,0.5,543,195,20,150,840,900,540,150,1140,500,3
10,1,18485.0,2,0.5,542,195,20,150,840,900,540,150,1140,500,3
10,1,18506.0,2,0.5,545,201,20,150,840,900,540,150,1140,500,3
10,1,18525.0,2,0.5,556,214,20,150,840,900,540,150,1140,500,3
10,1,18546.0,2,0.5,570,233,20,150,840,900,540,150,1140,500,3
10,1,18567.0,2,0.5,590,259,20,150,840,900,540,150,1140,500,3
10,1,18586.0,2,0.5,623,310,20,150,840,900,540,150,1140,500,3
10,1,18604.0,2,0.5,713,435,20,150,840,900,540,150,1140,500,3
10,1,18627.0,2,0.5,749,489,20,150,840,900,540,150,1140,500,3
10,1,18646.0,2,0.5,773,534,20,150,840,900,540,150,1140,500,3
10,1,18664.0,2,0.5,805,631,20,150,840,900,540,150,1140,500,3
10,1,18686.0,2,0.5,813,666,20,150,840,900,540,150,1140,500,3
10,1,18706.0,2,0.5,818,689,20,150,840,900,540,150,1140,500,3
10,1,18724.0,2,0.5,820,710,20,150,840,900,540,150,1140,500,3
10,1,18747.0,2,0.5,820,725,20,150,840,900,540,150,1140,500,3
10,1,18764.0,2,0.5,820,741,20,150,840,900,540,150,1140,500,3
10,1,18786.0,2,0.5,821,768,20,150,840,900,540,150,1140,500,3
10,1,18804.0,2,0.5,825,813,20,150,840,900,540,150,1140,500,3
10,1,18827.0,2,0.5,827,827,20,150,840,900,540,150,1140,500,3
10,1,18844.0,2,0.5,830,835,20,150,840,900,540,150,1140,500,3
10,1,18864.0,2,0.5,831,843,20,150,840,900,540,150,1140,500,3
10,1,18884.0,2,0.5,832,855,20,150,840,900,540,150,1140,500,3
10,1,18905.0,2,0.5,841,881,20,150,840,900,540,150,1140,500,3
10,1,18924.0,2,0.5,843,890,20,150,840,900,540,150,1140,500,3
10,1,18945.0,2,0.5,844,896,20,150,840,900,540,150,1140,500,3
11,1,18966.0,2,0.5,845,902,20,150,840,900,540,150,1140,500,1
