2016,8,19,13,41
timestamp, trialNum, blockWidth, reach, leftprob, subjpos, Rightorwrong, rpos, forageDist, totDist, optdist, diff, score
55503,1,50,1.0,0.75,1,0.0,2,2206.3533,2831.8733,392.19568,2439.6777,0
58002,2,50,1.0,0.75,2,0.0,1,2329.2622,3123.3997,392.19568,2731.204,0
58652,3,50,1.0,0.75,1,1.0,1,614.23114,1529.968,392.19568,1137.7723,76
60388,4,50,1.0,0.75,1,0.0,2,1904.7754,2623.887,392.19568,2231.6914,76
62838,5,50,1.0,0.75,2,0.0,1,1747.5243,2500.239,392.19568,2108.0435,76
65889,6,50,1.0,0.75,2,0.0,1,1550.9252,2171.184,392.19568,1778.9884,76
69646,7,50,1.0,0.75,1,0.0,2,1949.9226,2413.5903,392.19568,2021.3947,76
72607,8,50,1.0,0.75,2,1.0,2,532.30804,2138.2258,392.19568,1746.0302,131
74944,9,50,1.0,0.75,2,0.0,1,2306.8726,2954.0825,392.19568,2561.8867,131
75873,10,50,1.0,0.75,1,1.0,1,587.739,1485.2715,392.19568,1093.0758,211
76757,11,50,1.0,0.75,1,1.0,1,542.6778,1287.016,392.19568,894.8203,302
77477,12,50,1.0,0.75,1,1.0,1,511.0299,1294.758,392.19568,902.5624,393
78124,13,50,1.0,0.75,1,1.0,1,601.93304,1804.7771,392.19568,1412.5814,458
79107,14,50,1.0,0.75,1,1.0,1,746.564,1513.8864,392.19568,1121.6907,536
80074,15,50,1.0,0.75,1,1.0,1,609.4339,1333.5991,392.19568,941.40344,624
80709,16,50,1.0,0.75,1,1.0,1,601.23926,1234.0947,392.19568,841.89905,719
81459,17,50,1.0,0.75,1,1.0,1,554.7616,1281.7487,392.19568,889.553,811
83891,18,50,1.0,0.75,1,0.0,2,2066.9202,2782.3738,392.19568,2390.1782,811
85707,19,50,1.0,0.75,2,0.0,1,1732.8341,2404.9421,392.19568,2012.7465,811
87445,20,50,1.0,0.75,1,0.0,2,2366.7605,2893.4448,392.19568,2501.249,811
89434,21,50,1.0,0.75,2,0.0,1,1803.6305,2419.4355,392.19568,2027.2399,811
91969,22,50,1.0,0.75,2,0.0,1,2070.9368,2789.95,392.19568,2397.7544,811
93919,23,50,1.0,0.75,2,1.0,2,700.51215,1350.8247,392.19568,958.629,898
96187,24,50,1.0,0.75,2,0.0,1,1879.5442,2496.396,392.19568,2104.2002,898
97370,25,50,1.0,0.75,2,1.0,2,545.6275,1112.9973,392.19568,720.80164,1004
99236,26,50,1.0,0.75,2,0.0,1,1944.5012,2523.9736,392.19568,2131.7778,1004
101002,27,50,1.0,0.75,2,0.0,1,2175.4038,3147.7173,392.19568,2755.5215,1004
101653,28,50,1.0,0.75,1,1.0,1,482.8121,1542.9805,392.19568,1150.7848,1080
103441,29,50,1.0,0.75,1,0.0,2,1920.818,2520.6277,392.19568,2128.4321,1080
104609,30,50,1.0,0.75,1,1.0,1,949.9995,1594.6023,392.19568,1202.4066,1154
106511,31,50,1.0,0.75,1,1.0,1,627.0397,2446.3022,392.19568,2054.1064,1202
108076,32,50,1.0,0.75,1,1.0,1,531.47546,1234.0942,392.19568,841.89856,1298
110542,33,50,1.0,0.75,2,0.0,1,2129.4895,2691.495,392.19568,2299.2993,1298
111592,34,50,1.0,0.75,1,1.0,1,949.32416,1497.5579,392.19568,1105.3622,1376
112406,35,50,1.0,0.75,1,1.0,1,770.99695,1756.0697,392.19568,1363.874,1443
113207,36,50,1.0,0.75,1,1.0,1,602.2793,1270.8807,392.19568,878.68506,1536
114175,37,50,1.0,0.75,1,1.0,1,494.3853,1021.816,392.19568,629.6203,1651
114902,38,50,1.0,0.75,1,1.0,1,796.28076,1672.7651,392.19568,1280.5695,1721
115602,39,50,1.0,0.75,1,1.0,1,597.9092,1520.784,392.19568,1128.5884,1799
116177,40,50,1.0,0.75,1,1.0,1,495.0354,985.9791,392.19568,593.78345,1918
117053,41,50,1.0,0.75,1,1.0,1,1024.1766,1476.9363,392.19568,1084.7406,1998
120310,42,50,1.0,0.75,1,0.0,2,1969.6758,2566.0608,392.19568,2173.8652,1998
123005,43,50,1.0,0.75,2,0.0,1,2030.5557,2592.7937,392.19568,2200.5981,1998
123753,44,50,1.0,0.75,1,1.0,1,504.56863,1359.8264,392.19568,967.63074,2084
124537,45,50,1.0,0.75,1,1.0,1,778.012,1615.6349,392.19568,1223.4392,2157
125136,46,50,1.0,0.75,1,1.0,1,647.1983,1366.1584,392.19568,973.96277,2243
125953,47,50,1.0,0.75,1,1.0,1,587.47614,1275.573,392.19568,883.3773,2335
126690,48,50,1.0,0.75,1,1.0,1,535.8097,1483.7174,392.19568,1091.5217,2415
127709,49,50,1.0,0.75,1,1.0,1,562.22736,1263.7983,392.19568,871.60266,2508
128374,50,50,1.0,0.75,1,1.0,1,599.4656,1382.0159,392.19568,989.8202,2593
129190,51,50,1.0,0.9,1,1.0,1,478.71478,1105.8401,392.19568,713.6444,2699
130174,52,50,1.0,0.9,1,1.0,1,479.87466,1411.8739,392.19568,1019.6782,2782
130707,53,50,1.0,0.9,1,1.0,1,605.2592,1424.9602,392.19568,1032.7645,2865
131341,54,50,1.0,0.9,1,1.0,1,532.86005,1394.6172,392.19568,1002.4215,2949
132057,55,50,1.0,0.9,1,1.0,1,764.1055,1296.7864,392.19568,904.5907,3040
132708,56,50,1.0,0.9,1,1.0,1,587.8955,1410.0175,392.19568,1017.8218,3124
133360,57,50,1.0,0.9,1,1.0,1,526.04486,1067.5774,392.19568,675.3817,3234
134192,58,50,1.0,0.9,1,1.0,1,610.04144,1206.9158,392.19568,814.7201,3331
141408,59,50,1.0,0.9,2,0.0,1,3817.4824,4657.6045,392.19568,4265.4087,3331
142478,60,50,1.0,0.9,1,1.0,1,583.56647,1408.8444,392.19568,1016.6487,3415
143359,61,50,1.0,0.9,1,1.0,1,583.4508,1317.9518,392.19568,925.7561,3504
144522,62,50,1.0,0.9,1,1.0,1,991.75275,2186.368,392.19568,1794.1722,3558
147092,63,50,1.0,0.9,1,0.0,2,2318.578,2928.9946,392.19568,2536.7988,3558
148910,64,50,1.0,0.9,2,0.0,1,1920.1295,2676.5288,392.19568,2284.333,3558
149761,65,50,1.0,0.9,1,1.0,1,863.906,1445.8792,392.19568,1053.6835,3639
150460,66,50,1.0,0.9,1,1.0,1,644.9569,1231.7349,392.19568,839.5392,3735
151937,67,50,1.0,0.9,1,1.0,1,444.22018,1351.2787,392.19568,959.083,3822
153298,68,50,1.0,0.9,1,1.0,1,483.6311,1147.3718,392.19568,755.17615,3924
154245,69,50,1.0,0.9,1,1.0,1,528.1243,1243.7526,392.19568,851.5569,4019
154963,70,50,1.0,0.9,1,1.0,1,956.70264,1416.9895,392.19568,1024.7938,4102
156113,71,50,1.0,0.9,1,1.0,1,668.9634,1847.5891,392.19568,1455.3934,4166
156997,72,50,1.0,0.9,1,1.0,1,632.49475,1470.3391,392.19568,1078.1434,4246
158079,73,50,1.0,0.9,1,1.0,1,912.3868,1410.5669,392.19568,1018.3712,4329
158862,74,50,1.0,0.9,1,1.0,1,748.98987,1619.7362,392.19568,1227.5405,4402
159648,75,50,1.0,0.9,1,1.0,1,562.6348,1429.6682,392.19568,1037.4725,4484
161147,76,50,1.0,0.9,1,1.0,1,594.18176,1553.0938,392.19568,1160.8981,4560
162148,77,50,1.0,0.9,1,1.0,1,727.84644,1661.8367,392.19568,1269.641,4631
162780,78,50,1.0,0.9,1,1.0,1,434.67355,1280.1698,392.19568,887.9741,4723
165713,79,50,1.0,0.9,1,0.0,2,3555.4104,4240.0073,392.19568,3847.8115,4723
167597,80,50,1.0,0.9,2,0.0,1,2139.7031,3127.1064,392.19568,2734.9106,4723
168630,81,50,1.0,0.9,1,1.0,1,646.90704,1509.0126,392.19568,1116.8169,4801
169364,82,50,1.0,0.9,1,1.0,1,557.8891,1423.0254,392.19568,1030.8297,4883
170363,83,50,1.0,0.9,1,1.0,1,546.96045,1215.0631,392.19568,822.86743,4980
171180,84,50,1.0,0.9,1,1.0,1,554.65283,1068.3058,392.19568,676.1101,5090
172160,85,50,1.0,0.9,1,1.0,1,653.6336,1275.3408,392.19568,883.14514,5182
173960,86,50,1.0,0.9,1,0.0,2,1943.3132,2757.8958,392.19568,2365.7002,5182
176444,87,50,1.0,0.9,1,0.0,2,1844.7435,2411.2734,392.19568,2019.0778,5182
178740,88,50,1.0,0.9,1,1.0,1,570.63,2355.0884,392.19568,1962.8927,5232
181059,89,50,1.0,0.9,2,0.0,1,1716.1746,2324.8906,392.19568,1932.695,5232
182459,90,50,1.0,0.9,1,1.0,1,511.47314,1100.9012,392.19568,708.70557,5339
183442,91,50,1.0,0.9,1,1.0,1,623.4733,1731.8997,392.19568,1339.704,5407
184794,92,50,1.0,0.9,1,1.0,1,1591.3977,2400.831,392.19568,2008.6354,5456
185759,93,50,1.0,0.9,1,1.0,1,819.0548,2099.19,392.19568,1706.9943,5512
186496,94,50,1.0,0.9,1,1.0,1,502.8296,1301.5808,392.19568,909.38513,5603
187378,95,50,1.0,0.9,1,1.0,1,480.6284,1091.8682,392.19568,699.6725,5710
188076,96,50,1.0,0.9,1,1.0,1,533.51636,1245.774,392.19568,853.57837,5805
188893,97,50,1.0,0.9,1,1.0,1,512.2657,1145.7032,392.19568,753.50757,5908
189975,98,50,1.0,0.9,1,1.0,1,768.4511,1417.0054,392.19568,1024.8097,5991
190893,99,50,1.0,0.9,1,1.0,1,634.76514,1394.148,392.19568,1001.9523,6075
192694,100,50,1.0,0.9,1,0.0,2,1865.3901,2546.128,392.19568,2153.9321,6075
194876,101,50,1.0,0.9,2,0.0,1,2168.0686,2674.3025,392.19568,2282.107,6075
196711,102,50,1.0,0.25,1,0.0,2,2085.0457,2761.9497,392.19568,2369.754,6075
197860,103,50,1.0,0.25,2,1.0,2,624.0214,1210.0342,392.19568,817.8385,6172
199429,104,50,1.0,0.25,2,0.0,1,2030.4387,3071.3406,392.19568,2679.145,6172
200246,105,50,1.0,0.25,1,1.0,1,823.1974,1353.056,392.19568,960.86035,6259
208549,106,50,1.0,0.25,1,0.0,2,2967.9912,3587.0022,392.19568,3194.8066,6259
210369,107,50,1.0,0.25,2,0.0,1,1866.9657,2586.3835,392.19568,2194.188,6259
212322,108,50,1.0,0.25,1,0.0,2,2245.21,3036.8867,392.19568,2644.691,6259
214038,109,50,1.0,0.25,2,1.0,2,642.0224,1549.6938,392.19568,1157.4982,6335
214837,110,50,1.0,0.25,2,1.0,2,616.19214,1369.8069,392.19568,977.6112,6421
216339,111,50,1.0,0.25,2,1.0,2,604.5932,2958.1926,392.19568,2565.997,6461
218271,112,50,1.0,0.25,2,0.0,1,2601.369,3147.6494,392.19568,2755.4536,6461
220187,113,50,1.0,0.25,1,0.0,2,2667.4868,3224.3281,392.19568,2832.1323,6461
221071,114,50,1.0,0.25,2,1.0,2,1040.5364,1518.7166,392.19568,1126.5209,6538
222039,115,50,1.0,0.25,2,1.0,2,692.43933,1494.9539,392.19568,1102.7582,6617
222923,116,50,1.0,0.25,2,1.0,2,638.81854,1292.7832,392.19568,900.5875,6708
223621,117,50,1.0,0.25,2,1.0,2,556.75543,1277.5856,392.19568,885.3899,6800
224436,118,50,1.0,0.25,2,1.0,2,577.55194,1101.5825,392.19568,709.38684,6907
225102,119,50,1.0,0.25,2,1.0,2,481.5344,1242.3583,392.19568,850.1626,7002
226103,120,50,1.0,0.25,2,1.0,2,1376.4586,2099.5117,392.19568,1707.316,7058
229021,121,50,1.0,0.25,2,0.0,1,3670.9246,4317.4644,392.19568,3925.2686,7058
232276,122,50,1.0,0.25,1,0.0,2,4664.163,5437.295,392.19568,5045.099,7058
234161,123,50,1.0,0.25,1,0.0,2,1636.3472,3383.0352,392.19568,2990.8394,7058
235027,124,50,1.0,0.25,2,1.0,2,560.5647,1261.2568,392.19568,869.06116,7151
236411,125,50,1.0,0.25,2,1.0,2,943.93695,1590.281,392.19568,1198.0853,7225
237861,126,50,1.0,0.25,2,1.0,2,867.7592,1708.3842,392.19568,1316.1885,7294
238843,127,50,1.0,0.25,2,1.0,2,774.76825,1458.0173,392.19568,1065.8217,7374
240716,128,50,1.0,0.25,2,0.0,1,1862.6487,2783.0938,392.19568,2390.898,7374
241432,129,50,1.0,0.25,2,1.0,2,634.78,1732.4421,392.19568,1340.2465,7442
242316,130,50,1.0,0.25,2,1.0,2,750.0554,1574.6451,392.19568,1182.4495,7517
243399,131,50,1.0,0.25,2,1.0,2,678.79694,1335.6101,392.19568,943.4144,7605
244532,132,50,1.0,0.25,2,1.0,2,881.6498,1421.4612,392.19568,1029.2655,7688
245386,133,50,1.0,0.25,2,1.0,2,645.885,1501.2219,392.19568,1109.0262,7766
246136,134,50,1.0,0.25,2,1.0,2,593.3684,1506.304,392.19568,1114.1083,7844
246850,135,50,1.0,0.25,2,1.0,2,674.61096,1477.565,392.19568,1085.3693,7924
249083,136,50,1.0,0.25,2,0.0,1,1955.5944,2667.1917,392.19568,2274.996,7924
249850,137,50,1.0,0.25,1,1.0,1,731.67834,1527.8931,392.19568,1135.6974,8001
251684,138,50,1.0,0.25,1,0.0,2,2705.167,3448.6826,392.19568,3056.4868,8001
252667,139,50,1.0,0.25,2,1.0,2,707.58057,1229.1631,392.19568,836.9674,8097
253450,140,50,1.0,0.25,2,1.0,2,769.7123,1563.9404,392.19568,1171.7448,8172
254219,141,50,1.0,0.25,2,1.0,2,473.887,1149.7238,392.19568,757.5281,8274
255934,142,50,1.0,0.25,2,0.0,1,2108.8318,2765.8083,392.19568,2373.6128,8274
257935,143,50,1.0,0.25,1,0.0,2,2613.7092,3350.0461,392.19568,2957.8506,8274
259271,144,50,1.0,0.25,2,1.0,2,709.857,1646.6455,392.19568,1254.4498,8346
260109,145,50,1.0,0.25,2,1.0,2,599.1354,1376.1648,392.19568,983.9691,8431
261219,146,50,1.0,0.25,2,1.0,2,907.76385,1498.2798,392.19568,1106.0841,8510
261953,147,50,1.0,0.25,2,1.0,2,517.94666,1425.6404,392.19568,1033.4447,8592
263562,148,50,1.0,0.25,2,0.0,1,2019.3237,2776.277,392.19568,2384.0815,8592
264429,149,50,1.0,0.25,1,1.0,1,622.5112,1266.1409,392.19568,873.9452,8685
266796,150,50,1.0,0.25,1,0.0,2,2266.3284,2860.5847,392.19568,2468.3892,8685
268679,151,50,1.0,0.25,2,0.0,1,2355.6614,2870.271,392.19568,2478.0752,8685
270415,152,50,1.0,0.25,1,0.0,2,2014.0621,2834.0796,392.19568,2441.8838,8685
271398,153,50,1.0,0.1,2,1.0,2,557.3777,1212.1322,392.19568,819.9365,8782
272098,154,50,1.0,0.1,2,1.0,2,559.52783,1394.7227,392.19568,1002.527,8867
272813,155,50,1.0,0.1,2,1.0,2,560.62787,1117.949,392.19568,725.7533,8972
273477,156,50,1.0,0.1,2,1.0,2,667.99347,1461.1768,392.19568,1068.9811,9053
274161,157,50,1.0,0.1,2,1.0,2,653.66394,1449.7288,392.19568,1057.5331,9134
275011,158,50,1.0,0.1,2,1.0,2,697.6626,1372.7151,392.19568,980.5194,9219
275712,159,50,1.0,0.1,2,1.0,2,434.18118,1423.306,392.19568,1031.1104,9302
276778,160,50,1.0,0.1,2,1.0,2,946.91907,1492.241,392.19568,1100.0453,9381
277911,161,50,1.0,0.1,2,1.0,2,855.2903,1636.9095,392.19568,1244.7139,9453
279144,162,50,1.0,0.1,2,1.0,2,766.05963,1287.5862,392.19568,895.3905,9544
280410,163,50,1.0,0.1,2,1.0,2,996.1929,1519.9017,392.19568,1127.706,9622
281586,164,50,1.0,0.1,2,1.0,2,822.4489,1358.5548,392.19568,966.35913,9708
285451,165,50,1.0,0.1,1,0.0,2,4589.494,5396.555,392.19568,5004.3594,9708
286205,166,50,1.0,0.1,2,1.0,2,613.2621,1289.3448,392.19568,897.1492,9799
287142,167,50,1.0,0.1,2,1.0,2,571.3135,1427.7993,392.19568,1035.6036,9882
287955,168,50,1.0,0.1,2,1.0,2,517.0367,1100.0271,392.19568,707.8314,9989
289159,169,50,1.0,0.1,2,1.0,2,804.4766,1576.1287,392.19568,1183.933,10063
290377,170,50,1.0,0.1,2,1.0,2,1109.8844,1609.0122,392.19568,1216.8165,10137
291273,171,50,1.0,0.1,2,1.0,2,602.90796,1352.6685,392.19568,960.4728,10224
291971,172,50,1.0,0.1,2,1.0,2,611.83124,1555.5697,392.19568,1163.374,10299
292637,173,50,1.0,0.1,2,1.0,2,564.86414,1105.8438,392.19568,713.6481,10406
293651,174,50,1.0,0.1,2,1.0,2,559.7336,1293.0632,392.19568,900.86755,10497
294371,175,50,1.0,0.1,2,1.0,2,650.3482,1321.6694,392.19568,929.47375,10586
295035,176,50,1.0,0.1,2,1.0,2,661.61945,1319.9946,392.19568,927.79895,10675
295869,177,50,1.0,0.1,2,1.0,2,579.96094,1000.46497,392.19568,608.2693,10792
296852,178,50,1.0,0.1,2,1.0,2,704.3407,1235.4171,392.19568,843.22144,10888
297636,179,50,1.0,0.1,2,1.0,2,660.87415,1567.1101,392.19568,1174.9144,10963
298452,180,50,1.0,0.1,2,1.0,2,524.0379,1197.1335,392.19568,804.93787,11061
300037,181,50,1.0,0.1,2,1.0,2,627.5668,2047.9318,392.19568,1655.7361,11118
301063,182,50,1.0,0.1,2,1.0,2,625.5832,1225.6726,392.19568,833.4769,11214
302914,183,50,1.0,0.1,2,0.0,1,1924.4579,2821.4087,392.19568,2429.213,11214
305084,184,50,1.0,0.1,1,0.0,2,2306.0916,3906.2236,392.19568,3514.0278,11214
306533,185,50,1.0,0.1,1,0.0,2,1606.4628,2266.4888,392.19568,1874.2931,11214
308349,186,50,1.0,0.1,1,0.0,2,1687.8427,2200.5117,392.19568,1808.316,11214
310133,187,50,1.0,0.1,1,0.0,2,1717.1426,2279.8035,392.19568,1887.6078,11214
311786,188,50,1.0,0.1,2,1.0,2,593.2347,2192.432,392.19568,1800.2362,11268
314001,189,50,1.0,0.1,1,0.0,2,1499.1069,1995.6792,392.19568,1603.4835,11268
314802,190,50,1.0,0.1,2,1.0,2,523.1872,1229.8062,392.19568,837.6105,11364
315469,191,50,1.0,0.1,2,1.0,2,558.38947,1278.418,392.19568,886.2223,11456
316170,192,50,1.0,0.1,2,1.0,2,560.6935,1271.457,392.19568,879.26135,11548
316869,193,50,1.0,0.1,2,1.0,2,821.92773,1297.0271,392.19568,904.8314,11639
324171,194,50,1.0,0.1,2,0.0,1,3243.641,3976.3164,392.19568,3584.1206,11639
325087,195,50,1.0,0.1,1,1.0,1,503.01132,1198.963,392.19568,806.76733,11737
326571,196,50,1.0,0.1,1,0.0,2,1743.0659,2302.2053,392.19568,1910.0096,11737
327555,197,50,1.0,0.1,2,1.0,2,548.20087,1996.26,392.19568,1604.0643,11796
328920,198,50,1.0,0.1,2,1.0,2,641.17017,1306.9305,392.19568,914.73486,11886
329841,199,50,1.0,0.1,2,1.0,2,460.75903,1257.5245,392.19568,865.32886,11980
331311,200,50,1.0,0.1,2,0.0,1,1705.648,2403.2466,392.19568,2011.0509,11980
333120,201,50,1.0,0.1,1,0.0,2,2078.563,2673.291,392.19568,2281.0952,11980
334050,202,50,1.0,0.1,2,1.0,2,541.13513,1252.6469,392.19568,860.4512,12074
334675,203,50,1.0,0.1,2,1.0,2,500.7852,1077.4467,392.19568,685.251,12183
336475,204,50,1.0,0.5,2,0.0,1,1823.2653,2584.0732,392.19568,2191.8774,12183
340534,205,50,1.0,0.5,2,0.0,1,5237.224,6121.827,392.19568,5729.6313,12183
342037,206,50,1.0,0.5,1,0.0,2,1831.6333,2621.7712,392.19568,2229.5757,12183
343599,207,50,1.0,0.5,1,0.0,2,1998.3954,2894.5903,392.19568,2502.3945,12183
345266,208,50,1.0,0.5,2,0.0,1,1841.3058,2997.055,392.19568,2604.8594,12183
346615,209,50,1.0,0.5,1,0.0,2,2087.5625,2594.4583,392.19568,2202.2627,12183
347434,210,50,1.0,0.5,2,1.0,2,469.19907,961.041,392.19568,568.84534,12305
348981,211,50,1.0,0.5,2,0.0,1,1633.4445,2310.8398,392.19568,1918.6442,12305
350486,212,50,1.0,0.5,2,0.0,1,1897.5037,2523.7588,392.19568,2131.563,12305
352020,213,50,1.0,0.5,2,1.0,2,581.33075,2181.3381,392.19568,1789.1425,12359
353274,214,50,1.0,0.5,2,0.0,1,1350.0824,2004.7217,392.19568,1612.526,12359
353960,215,50,1.0,0.5,1,1.0,1,497.0648,1175.0542,392.19568,782.8585,12459
354608,216,50,1.0,0.5,1,1.0,1,550.5794,1261.7854,392.19568,869.5897,12553
355210,217,50,1.0,0.5,1,1.0,1,518.453,1090.7866,392.19568,698.59094,12660
357002,218,50,1.0,0.5,1,0.0,2,1736.1283,2315.4697,392.19568,1923.274,12660
357668,219,50,1.0,0.5,1,1.0,1,613.85736,1665.5759,392.19568,1273.3802,12731
359017,220,50,1.0,0.5,1,0.0,2,1925.9308,2556.9883,392.19568,2164.7925,12731
360175,221,50,1.0,0.5,2,1.0,2,957.09644,1740.5991,392.19568,1348.4034,12799
361104,222,50,1.0,0.5,2,1.0,2,540.7851,1173.1509,392.19568,780.9552,12899
363413,223,50,1.0,0.5,2,0.0,1,1999.2905,2623.6592,392.19568,2231.4634,12899
365146,224,50,1.0,0.5,1,0.0,2,1841.77,2371.1123,392.19568,1978.9166,12899
365862,225,50,1.0,0.5,2,1.0,2,572.44543,1226.8694,392.19568,834.6737,12995
367412,226,50,1.0,0.5,2,0.0,1,1545.6111,2241.9417,392.19568,1849.746,12995
368932,227,50,1.0,0.5,2,0.0,1,1459.0085,2080.1096,392.19568,1687.914,12995
370802,228,50,1.0,0.5,1,0.0,2,2100.6855,4005.7124,392.19568,3613.5166,12995
373004,229,50,1.0,0.5,2,0.0,1,1775.9723,2471.4644,392.19568,2079.2686,12995
374020,230,50,1.0,0.5,1,1.0,1,584.3337,2215.291,392.19568,1823.0953,13048
374755,231,50,1.0,0.5,1,1.0,1,633.34924,1515.6304,392.19568,1123.4347,13126
375688,232,50,1.0,0.5,1,1.0,1,477.17072,993.382,392.19568,601.18634,13244
377487,233,50,1.0,0.5,1,0.0,2,1996.5273,2739.065,392.19568,2346.8691,13244
379255,234,50,1.0,0.5,2,0.0,1,1845.8296,2527.0676,392.19568,2134.872,13244
380791,235,50,1.0,0.5,1,0.0,2,1775.1218,2489.1213,392.19568,2096.9258,13244
382890,236,50,1.0,0.5,1,0.0,2,2124.5996,2776.5288,392.19568,2384.333,13244
383846,237,50,1.0,0.5,2,1.0,2,770.1961,1474.3711,392.19568,1082.1754,13324
385281,238,50,1.0,0.5,2,0.0,1,1568.5233,2386.3813,392.19568,1994.1857,13324
386798,239,50,1.0,0.5,1,1.0,1,553.4919,2323.5437,392.19568,1931.348,13374
390132,240,50,1.0,0.5,2,0.0,1,3538.1384,4197.0156,392.19568,3804.8198,13374
392449,241,50,1.0,0.5,1,0.0,2,1889.5349,2562.691,392.19568,2170.495,13374
393991,242,50,1.0,0.5,2,1.0,2,646.9195,2663.1658,392.19568,2270.9702,13419
395692,243,50,1.0,0.5,1,0.0,2,1551.1838,2121.8293,392.19568,1729.6337,13419
398142,244,50,1.0,0.5,2,0.0,1,3197.185,4061.3022,392.19568,3669.1064,13419
399044,245,50,1.0,0.5,1,1.0,1,534.95844,1533.9819,392.19568,1141.7863,13495
399776,246,50,1.0,0.5,1,1.0,1,567.47125,1364.9991,392.19568,972.80347,13582
400276,247,50,1.0,0.5,1,1.0,1,523.9002,1359.2031,392.19568,967.00745,13668
403144,248,50,1.0,0.5,1,0.0,2,5199.4004,5833.707,392.19568,5441.511,13668
403962,249,50,1.0,0.5,2,1.0,2,646.3561,1666.5476,392.19568,1274.3519,13739
404760,250,50,1.0,0.5,2,1.0,2,622.66504,1322.0195,392.19568,929.82385,13828
411111,251,50,2.0,0.5,2,0.0,1,9313.308,10225.006,689.69934,9535.307,13828
412230,252,50,2.0,0.5,1,1.0,1,903.7748,1904.8533,689.69934,1215.1539,13936
416096,253,50,2.0,0.5,1,0.0,2,4567.8823,5268.3403,392.19568,4876.1445,13936
418213,254,50,2.0,0.5,1,1.0,1,939.6467,3523.7227,689.69934,2834.0234,13995
419147,255,50,2.0,0.75,1,1.0,1,916.2407,2127.1792,689.69934,1437.4799,14092
420266,256,50,2.0,0.75,1,1.0,1,847.41516,1879.3053,689.69934,1189.606,14202
421553,257,50,2.0,0.75,1,1.0,1,1193.2728,2095.185,689.69934,1405.4857,14301
424053,258,50,2.0,0.75,1,1.0,1,871.2242,2270.5347,689.69934,1580.8353,14392
426201,259,50,2.0,0.75,1,0.0,2,2797.6992,3382.5757,392.19568,2990.38,14392
427909,260,50,2.0,0.75,1,0.0,2,2244.2053,3016.1418,392.19568,2623.9463,14392
428936,261,50,2.0,0.75,2,1.0,2,870.47266,1670.5519,392.19568,1278.3562,14463
430590,262,50,2.0,0.75,2,0.0,1,2386.8918,3610.2258,689.69934,2920.5264,14463
431558,263,50,2.0,0.75,1,1.0,1,1234.9282,2139.7368,689.69934,1450.0375,14559
436291,264,50,2.0,0.75,1,0.0,2,6927.083,7863.243,392.19568,7471.0474,14559
438056,265,50,2.0,0.75,2,0.0,1,2532.721,3545.5183,689.69934,2855.8188,14559
439624,266,50,2.0,0.75,1,1.0,1,1909.5195,3364.5244,689.69934,2674.8252,14621
440931,267,50,2.0,0.75,1,1.0,1,1201.6754,2361.5762,689.69934,1671.8768,14709
442146,268,50,2.0,0.75,1,1.0,1,879.9597,1968.736,689.69934,1279.0366,14814
444149,269,50,2.0,0.75,1,0.0,2,3628.1392,4597.3027,392.19568,4205.107,14814
446360,270,50,2.0,0.75,2,0.0,1,2892.156,4081.375,689.69934,3391.6758,14814
447345,271,50,2.0,0.75,1,1.0,1,876.1114,1991.4458,689.69934,1301.7465,14918
448844,272,50,2.0,0.75,1,1.0,1,1565.2499,2674.379,689.69934,1984.6796,14995
450011,273,50,2.0,0.75,1,1.0,1,1186.0095,2193.8538,689.69934,1504.1544,15089
451095,274,50,2.0,0.75,1,1.0,1,809.95685,1770.1467,689.69934,1080.4474,15206
452110,275,50,2.0,0.75,1,1.0,1,827.31116,2108.1167,689.69934,1418.4174,15304
453930,276,50,2.0,0.75,1,0.0,2,2460.181,3277.2773,392.19568,2885.0815,15304
455821,277,50,2.0,0.75,2,0.0,1,2303.5093,3511.3975,689.69934,2821.6982,15304
457774,278,50,2.0,0.75,1,0.0,2,3399.9607,4538.3706,392.19568,4146.175,15304
459425,279,50,2.0,0.75,2,0.0,1,2687.666,3632.0073,689.69934,2942.308,15304
460543,280,50,2.0,0.75,1,1.0,1,924.32684,1900.0093,689.69934,1210.3099,15413
461343,281,50,2.0,0.75,1,1.0,1,890.1103,2179.847,689.69934,1490.1476,15508
462358,282,50,2.0,0.75,1,1.0,1,906.06744,2104.572,689.69934,1414.8727,15606
463241,283,50,2.0,0.75,1,1.0,1,847.8016,1837.2373,689.69934,1147.538,15719
464260,284,50,2.0,0.75,1,1.0,1,1078.2705,1967.0024,689.69934,1277.3031,15824
466092,285,50,2.0,0.75,1,0.0,2,2682.8374,3346.7898,392.19568,2954.5942,15824
468178,286,50,2.0,0.75,2,0.0,1,2488.2942,3443.713,689.69934,2754.0137,15824
470967,287,50,2.0,0.75,1,0.0,2,4061.3257,4856.1875,392.19568,4463.9917,15824
471984,288,50,2.0,0.75,2,1.0,2,583.1078,1449.2935,392.19568,1057.0978,15905
473821,289,50,2.0,0.75,2,0.0,1,2265.3696,3299.6628,689.69934,2609.9634,15905
474674,290,50,2.0,0.75,1,1.0,1,857.8169,1807.6287,689.69934,1117.9293,16020
476853,291,50,2.0,0.75,1,0.0,2,3081.6448,3612.54,392.19568,3220.3442,16020
477554,292,50,2.0,0.75,2,1.0,2,558.7397,1511.648,392.19568,1119.4523,16098
479471,293,50,2.0,0.75,2,0.0,1,2091.8147,3187.6382,689.69934,2497.939,16098
481255,294,50,2.0,0.75,1,0.0,2,2507.788,3410.5688,392.19568,3018.373,16098
482412,295,50,2.0,0.75,2,1.0,2,631.7108,1435.1643,392.19568,1042.9686,16180
483278,296,50,2.0,0.75,2,1.0,2,528.4027,1308.0818,392.19568,915.8861,16270
485411,297,50,2.0,0.75,2,0.0,1,2414.4124,3371.4456,689.69934,2681.746,16270
487850,298,50,2.0,0.75,1,0.0,2,3029.2146,4523.7363,392.19568,4131.5405,16270
489938,299,50,2.0,0.75,2,0.0,1,2792.2085,3867.8582,689.69934,3178.1587,16270
490905,300,50,2.0,0.75,1,1.0,1,1417.1255,2223.3118,689.69934,1533.6124,16363
492037,301,50,2.0,0.75,1,1.0,1,1240.4169,2138.7627,689.69934,1449.0634,16459
493187,302,50,2.0,0.75,1,1.0,1,1186.4178,1977.3577,689.69934,1287.6583,16564
494070,303,50,2.0,0.75,1,1.0,1,859.35376,2043.9762,689.69934,1354.2769,16665
494922,304,50,2.0,0.75,1,1.0,1,805.2,1861.6208,689.69934,1171.9215,16776
495955,305,50,2.0,0.75,1,1.0,1,912.92413,2190.2239,689.69934,1500.5245,16871
498073,306,50,2.0,0.5,1,0.0,2,2254.6287,3250.5247,392.19568,2858.329,16871
499330,307,50,2.0,0.5,1,1.0,1,778.6999,1833.8286,689.69934,1144.1293,16984
500280,308,50,2.0,0.5,2,1.0,2,491.85333,1332.967,392.19568,940.77136,17072
501015,309,50,2.0,0.5,2,1.0,2,610.4865,1436.8916,392.19568,1044.6959,17154
501717,310,50,2.0,0.5,2,1.0,2,657.8093,1614.7683,392.19568,1222.5726,17227
503666,311,50,2.0,0.5,2,0.0,1,2111.8975,3140.5024,689.69934,2450.8032,17227
505599,312,50,2.0,0.5,2,0.0,1,2381.8281,3390.808,689.69934,2701.109,17227
506966,313,50,2.0,0.5,2,1.0,2,540.31213,1616.2455,392.19568,1224.0498,17300
508833,314,50,2.0,0.5,2,0.0,1,2419.1572,3329.421,689.69934,2639.7217,17300
510050,315,50,2.0,0.5,1,1.0,1,1149.6472,2031.7546,689.69934,1342.0553,17401
510749,316,50,2.0,0.5,1,1.0,1,822.91766,1811.8438,689.69934,1122.1444,17516
512385,317,50,2.0,0.5,1,0.0,2,2343.0352,3328.262,392.19568,2936.0664,17516
513799,318,50,2.0,0.5,1,0.0,2,2643.1672,3332.707,392.19568,2940.5112,17516
516010,319,50,2.0,0.5,2,0.0,1,1760.1395,2678.7512,689.69934,1989.0519,17516
517189,320,50,2.0,0.5,1,1.0,1,1106.4584,2057.0408,689.69934,1367.3414,17616
519575,321,50,2.0,0.5,1,0.0,2,2760.1692,3382.6753,392.19568,2990.4795,17616
521643,322,50,2.0,0.5,2,0.0,1,2316.4807,3236.463,689.69934,2546.7637,17616
523610,323,50,2.0,0.5,1,0.0,2,2757.5095,3302.8557,392.19568,2910.6602,17616
524793,324,50,2.0,0.5,1,1.0,1,904.644,1980.398,689.69934,1290.6986,17721
527677,325,50,2.0,0.5,1,0.0,2,3038.824,3879.7131,392.19568,3487.5176,17721
528943,326,50,2.0,0.5,2,1.0,2,1055.6749,2057.4822,392.19568,1665.2865,17778
530012,327,50,2.0,0.5,2,1.0,2,958.3539,1587.0337,392.19568,1194.838,17852
531845,328,50,2.0,0.5,2,0.0,1,3697.1445,4805.076,689.69934,4115.377,17852
533594,329,50,2.0,0.5,2,0.0,1,2575.951,3622.4102,689.69934,2932.711,17852
534412,330,50,2.0,0.5,1,1.0,1,935.504,2138.4578,689.69934,1448.7584,17949
536365,331,50,2.0,0.5,1,0.0,2,3107.546,3662.5918,392.19568,3270.396,17949
538217,332,50,2.0,0.5,2,0.0,1,2152.5205,3395.444,689.69934,2705.7446,17949
538901,333,50,2.0,0.5,1,1.0,1,875.7949,2066.7964,689.69934,1377.097,18049
541505,334,50,2.0,0.5,1,0.0,2,4560.4004,5141.3994,392.19568,4749.2036,18049
543142,335,50,2.0,0.5,2,0.0,1,2857.74,4154.1,689.69934,3464.401,18049
544267,336,50,2.0,0.5,1,1.0,1,1635.8809,2735.1313,689.69934,2045.432,18124
548384,337,50,2.0,0.5,1,0.0,2,8139.963,8768.932,392.19568,8376.736,18124
549553,338,50,2.0,0.5,2,1.0,2,1030.7358,1799.3567,392.19568,1407.161,18190
550320,339,50,2.0,0.5,2,1.0,2,482.12296,1324.6276,392.19568,932.4319,18279
553007,340,50,2.0,0.5,2,0.0,1,2886.9758,4256.7456,689.69934,3567.0464,18279
554073,341,50,2.0,0.5,1,1.0,1,1255.3967,2178.8313,689.69934,1489.132,18374
554907,342,50,2.0,0.5,1,1.0,1,888.1306,2004.1046,689.69934,1314.4053,18477
556541,343,50,2.0,0.5,1,0.0,2,2292.374,3170.924,392.19568,2778.7285,18477
557890,344,50,2.0,0.5,2,0.0,1,2403.637,3584.8608,689.69934,2895.1616,18477
559909,345,50,2.0,0.5,1,0.0,2,2780.4092,3836.9883,392.19568,3444.7925,18477
561846,346,50,2.0,0.5,2,0.0,1,2269.323,3292.9849,689.69934,2603.2856,18477
562979,347,50,2.0,0.5,1,1.0,1,857.7128,1868.9421,689.69934,1179.2428,18588
564746,348,50,2.0,0.5,1,0.0,2,2416.3987,3251.0151,392.19568,2858.8193,18588
565848,349,50,2.0,0.5,2,1.0,2,796.8126,1512.7246,392.19568,1120.5289,18665
566596,350,50,2.0,0.5,2,1.0,2,1128.2394,1677.3297,392.19568,1285.134,18736
567381,351,50,2.0,0.5,2,1.0,2,743.7825,1565.0646,392.19568,1172.8689,18811
568179,352,50,2.0,0.5,2,1.0,2,567.6435,1193.7225,392.19568,801.52686,18909
568879,353,50,2.0,0.5,2,1.0,2,626.6168,1684.6273,392.19568,1292.4316,18979
570115,354,50,2.0,0.5,2,1.0,2,683.751,1452.2815,392.19568,1060.0858,19060
571866,355,50,2.0,0.5,2,0.0,1,2415.9436,3590.8945,689.69934,2901.1953,19060
573661,356,50,2.0,0.5,1,0.0,2,2444.586,3275.4402,392.19568,2883.2446,19060
575210,357,50,2.0,0.9,2,0.0,1,2062.4634,2991.9363,689.69934,2302.2368,19060
579528,358,50,2.0,0.9,1,0.0,2,6390.813,7202.1636,392.19568,6809.968,19060
581100,359,50,2.0,0.9,2,0.0,1,2342.4033,3530.5298,689.69934,2840.8306,19060
582097,360,50,2.0,0.9,1,1.0,1,900.4933,1848.0236,689.69934,1158.3242,19172
583099,361,50,2.0,0.9,1,1.0,1,922.1252,2030.7935,689.69934,1341.0941,19274
584931,362,50,2.0,0.9,1,0.0,2,3024.5881,3537.1484,392.19568,3144.9526,19274
586747,363,50,2.0,0.9,2,0.0,1,2256.504,3448.666,689.69934,2758.9668,19274
588498,364,50,2.0,0.9,1,0.0,2,2596.8015,3241.98,392.19568,2849.7842,19274
590182,365,50,2.0,0.9,2,0.0,1,2315.1328,3272.959,689.69934,2583.2598,19274
591116,366,50,2.0,0.9,1,1.0,1,934.20264,1931.5664,689.69934,1241.8671,19381
592084,367,50,2.0,0.9,1,1.0,1,1015.3783,1934.0757,689.69934,1244.3763,19488
593133,368,50,2.0,0.9,1,1.0,1,853.2131,1859.259,689.69934,1169.5597,19599
593949,369,50,2.0,0.9,1,1.0,1,882.3677,1861.6252,689.69934,1171.9259,19711
595100,370,50,2.0,0.9,1,1.0,1,779.37964,1714.4231,689.69934,1024.7238,19831
596233,371,50,2.0,0.9,1,1.0,1,827.5426,1819.8892,689.69934,1130.1898,19945
597615,372,50,2.0,0.9,1,1.0,1,1043.0493,1898.0728,689.69934,1208.3734,20054
598432,373,50,2.0,0.9,1,1.0,1,875.1019,2124.7778,689.69934,1435.0785,20151
600133,374,50,2.0,0.9,1,1.0,1,1027.1301,2018.4917,689.69934,1328.7924,20254
600968,375,50,2.0,0.9,1,1.0,1,937.57135,1934.1602,689.69934,1244.4608,20361
601585,376,50,2.0,0.9,1,1.0,1,863.97,2178.1045,689.69934,1488.4052,20456
602552,377,50,2.0,0.9,1,1.0,1,759.45184,2106.5283,689.69934,1416.829,20554
603564,378,50,2.0,0.9,1,1.0,1,752.3036,1843.1292,689.69934,1153.4298,20666
604581,379,50,2.0,0.9,1,1.0,1,1310.5018,2153.5361,689.69934,1463.8368,20762
605749,380,50,2.0,0.9,1,1.0,1,1099.4988,1966.6041,689.69934,1276.9048,20868
606865,381,50,2.0,0.9,1,1.0,1,994.8843,2124.8013,689.69934,1435.1019,20965
607617,382,50,2.0,0.9,1,1.0,1,828.7986,1967.6245,689.69934,1277.9252,21070
608649,383,50,2.0,0.9,1,1.0,1,932.1329,1846.5627,689.69934,1156.8634,21182
611333,384,50,2.0,0.9,1,0.0,2,4072.0886,4699.401,392.19568,4307.205,21182
613017,385,50,2.0,0.9,1,1.0,1,1200.7135,2073.5857,689.69934,1383.8864,21282
614218,386,50,2.0,0.9,1,1.0,1,879.59296,1840.1984,689.69934,1150.499,21394
616535,387,50,2.0,0.9,1,0.0,2,2593.3198,3625.517,392.19568,3233.3213,21394
618304,388,50,2.0,0.9,2,0.0,1,2263.6064,3516.5063,689.69934,2826.8071,21394
620022,389,50,2.0,0.9,1,0.0,2,3033.9854,3549.2766,392.19568,3157.081,21394
621070,390,50,2.0,0.9,2,1.0,2,632.4649,1510.466,392.19568,1118.2703,21472
622975,391,50,2.0,0.9,2,0.0,1,2054.722,3002.0876,689.69934,2312.3882,21472
624556,392,50,2.0,0.9,1,0.0,2,2456.333,3266.5093,392.19568,2874.3135,21472
626190,393,50,2.0,0.9,2,0.0,1,2485.857,3520.3,689.69934,2830.6006,21472
628578,394,50,2.0,0.9,1,0.0,2,2608.9841,3999.8477,392.19568,3607.6519,21472
630544,395,50,2.0,0.9,2,0.0,1,2378.0144,3423.7002,689.69934,2734.001,21472
631578,396,50,2.0,0.9,1,1.0,1,910.76025,1923.8435,689.69934,1234.1442,21580
632644,397,50,2.0,0.9,1,1.0,1,1183.565,2546.9539,689.69934,1857.2545,21661
634342,398,50,2.0,0.9,1,1.0,1,788.3082,2094.9756,689.69934,1405.2762,21760
635206,399,50,2.0,0.9,1,1.0,1,1139.3464,2030.8384,689.69934,1341.139,21862
636278,400,50,2.0,0.9,1,1.0,1,819.76855,1826.487,689.69934,1136.7877,21975
637029,401,50,2.0,0.9,1,1.0,1,839.05853,2034.5479,689.69934,1344.8485,22077
638078,402,50,2.0,0.9,1,1.0,1,853.6952,1836.8335,689.69934,1147.1342,22189
638845,403,50,2.0,0.9,1,1.0,1,906.975,1917.1376,689.69934,1227.4382,22297
640048,404,50,2.0,0.9,1,1.0,1,795.6669,1817.2217,689.69934,1127.5223,22411
640731,405,50,2.0,0.9,1,1.0,1,854.26984,2105.0908,689.69934,1415.3915,22509
641466,406,50,2.0,0.9,1,1.0,1,798.78357,1882.6783,689.69934,1192.979,22619
642247,407,50,2.0,0.9,1,1.0,1,794.0376,1805.1777,689.69934,1115.4784,22734
644042,408,50,2.0,0.1,1,0.0,2,2302.0813,3091.6304,392.19568,2699.4346,22734
646105,409,50,2.0,0.1,2,0.0,1,2352.4866,3226.016,689.69934,2536.317,22734
648032,410,50,2.0,0.1,1,0.0,2,3636.0674,4517.617,392.19568,4125.4214,22734
649651,411,50,2.0,0.1,2,0.0,1,2151.5596,3143.2637,689.69934,2453.5645,22734
650418,412,50,2.0,0.1,1,1.0,1,927.0132,2044.1271,689.69934,1354.4277,22835
652335,413,50,2.0,0.1,1,0.0,2,2840.2266,3540.0564,392.19568,3147.8608,22835
653070,414,50,2.0,0.1,2,1.0,2,693.2181,1444.1633,392.19568,1051.9677,22917
653836,415,50,2.0,0.1,2,1.0,2,565.5208,1248.4585,392.19568,856.2628,23011
654519,416,50,2.0,0.1,2,1.0,2,552.97186,1250.6809,392.19568,858.4852,23105
655288,417,50,2.0,0.1,2,1.0,2,539.3447,1109.7231,392.19568,717.52747,23211
655986,418,50,2.0,0.1,2,1.0,2,626.753,1203.5593,392.19568,811.36365,23309
656769,419,50,2.0,0.1,2,1.0,2,545.01984,1121.6111,392.19568,729.4154,23414
657486,420,50,2.0,0.1,2,1.0,2,630.6846,1207.5354,392.19568,815.3397,23511
658202,421,50,2.0,0.1,2,1.0,2,661.7379,1340.3989,392.19568,948.20325,23599
659302,422,50,2.0,0.1,2,1.0,2,821.8478,1548.9683,392.19568,1156.7726,23675
660139,423,50,2.0,0.1,2,1.0,2,879.4294,1484.5956,392.19568,1092.3999,23754
660873,424,50,2.0,0.1,2,1.0,2,680.728,1591.0239,392.19568,1198.8282,23828
662257,425,50,2.0,0.1,2,0.0,1,2221.5967,3193.942,689.69934,2504.2427,23828
663641,426,50,2.0,0.1,1,0.0,2,2851.9583,3648.055,392.19568,3255.8594,23828
665669,427,50,2.0,0.1,2,0.0,1,3151.9963,4246.1924,689.69934,3556.4932,23828
666544,428,50,2.0,0.1,2,1.0,2,583.2018,1389.3992,392.19568,997.2035,23913
667296,429,50,2.0,0.1,2,1.0,2,593.4265,1412.2365,392.19568,1020.0408,23996
667894,430,50,2.0,0.1,2,1.0,2,529.6169,1398.5264,392.19568,1006.3307,24080
668561,431,50,2.0,0.1,2,1.0,2,617.54065,1349.8131,392.19568,957.61743,24167
668963,432,50,2.0,0.1,2,1.0,2,570.77905,1234.3633,392.19568,842.1676,24263
669561,433,50,2.0,0.1,2,1.0,2,544.81494,1376.738,392.19568,984.54236,24348
670279,434,50,2.0,0.1,2,1.0,2,572.74304,1884.0491,392.19568,1491.8534,24411
670697,435,50,2.0,0.1,2,1.0,2,608.2611,1511.6416,392.19568,1119.4459,24488
671812,436,50,2.0,0.1,2,1.0,2,1674.8378,2495.3384,392.19568,2103.1426,24536
672413,437,50,2.0,0.1,2,1.0,2,541.55237,1324.1517,392.19568,931.95605,24624
673045,438,50,2.0,0.1,2,1.0,2,542.1028,1232.1417,392.19568,839.94604,24720
673679,439,50,2.0,0.1,2,1.0,2,708.571,1382.573,392.19568,990.3773,24805
674395,440,50,2.0,0.1,2,1.0,2,611.85236,1343.6484,392.19568,951.45276,24893
675512,441,50,2.0,0.1,2,1.0,2,685.7098,1282.304,392.19568,890.1083,24984
675995,442,50,2.0,0.1,2,1.0,2,1050.5918,1578.6267,392.19568,1186.431,25059
676826,443,50,2.0,0.1,2,1.0,2,1092.6003,1687.7427,392.19568,1295.547,25129
677178,444,50,2.0,0.1,2,1.0,2,532.441,1034.2008,392.19568,642.0051,25242
678411,445,50,2.0,0.1,2,1.0,2,641.24615,2455.9932,392.19568,2063.7974,25290
680161,446,50,2.0,0.1,2,0.0,1,3309.4849,4342.177,689.69934,3652.4775,25290
681195,447,50,2.0,0.1,2,1.0,2,571.15045,3079.6829,392.19568,2687.4873,25328
682914,448,50,2.0,0.1,2,0.0,1,3013.9255,4159.3716,689.69934,3469.6724,25328
683546,449,50,2.0,0.1,2,1.0,2,614.9944,1305.5139,392.19568,913.31824,25419
684145,450,50,2.0,0.1,2,1.0,2,958.2633,1486.1311,392.19568,1093.9354,25498
685255,451,50,2.0,0.1,2,1.0,2,975.8002,1852.3898,392.19568,1460.1941,25561
686010,452,50,2.0,0.1,2,1.0,2,509.08392,1483.6455,392.19568,1091.4498,25641
687459,453,50,2.0,0.1,2,0.0,1,2146.121,3086.689,689.69934,2396.9897,25641
688198,454,50,2.0,0.1,1,1.0,1,775.7771,1763.6119,689.69934,1073.9126,25758
689080,455,50,2.0,0.1,1,1.0,1,853.5176,1792.2031,689.69934,1102.5038,25873
691249,456,50,2.0,0.1,1,0.0,2,3512.5605,4419.5366,392.19568,4027.3408,25873
692833,457,50,2.0,0.1,1,0.0,2,3410.385,4005.2246,392.19568,3613.0288,25873
693649,458,50,2.0,0.1,2,1.0,2,566.0753,1361.8711,392.19568,969.6754,25960
694267,459,50,2.0,0.25,2,1.0,2,646.08887,1602.5454,392.19568,1210.3497,26033
694858,460,50,2.0,0.25,2,1.0,2,645.56854,1230.0693,392.19568,837.87366,26129
695641,461,50,2.0,0.25,2,1.0,2,699.8967,1240.329,392.19568,848.1333,26224
696294,462,50,2.0,0.25,2,1.0,2,625.8915,1395.0095,392.19568,1002.81384,26308
697007,463,50,2.0,0.25,2,1.0,2,610.37317,1367.1624,392.19568,974.9667,26394
697694,464,50,2.0,0.25,2,1.0,2,563.9872,1167.8186,392.19568,775.6229,26495
698409,465,50,2.0,0.25,2,1.0,2,439.65222,983.0154,392.19568,590.8197,26614
699459,466,50,2.0,0.25,2,1.0,2,954.4389,1615.6041,392.19568,1223.4084,26687
700359,467,50,2.0,0.25,2,1.0,2,524.0292,1510.4883,392.19568,1118.2926,26765
702510,468,50,2.0,0.25,2,0.0,1,2433.197,3736.0476,689.69934,3046.3481,26765
704360,469,50,2.0,0.25,2,1.0,2,1505.6656,2651.4102,392.19568,2259.2144,26810
706343,470,50,2.0,0.25,2,0.0,1,2950.4006,4080.5513,689.69934,3390.852,26810
707878,471,50,2.0,0.25,2,1.0,2,564.94934,3064.7812,392.19568,2672.5854,26848
709212,472,50,2.0,0.25,2,1.0,2,709.3184,1287.1055,392.19568,894.9098,26939
711060,473,50,2.0,0.25,2,0.0,1,3075.472,4327.0923,689.69934,3637.393,26939
712975,474,50,2.0,0.25,2,1.0,2,821.4118,1946.2681,392.19568,1554.0724,27000
713725,475,50,2.0,0.25,2,1.0,2,679.84863,1779.8739,392.19568,1387.6782,27066
715311,476,50,2.0,0.25,2,1.0,2,607.6781,1937.4501,392.19568,1545.2544,27127
717438,477,50,2.0,0.25,2,0.0,1,3204.8926,4568.093,689.69934,3878.3936,27127
718641,478,50,2.0,0.25,2,1.0,2,812.8077,1455.572,392.19568,1063.3763,27208
723809,479,50,2.0,0.25,2,0.0,1,9091.431,10319.172,689.69934,9629.473,27208
725075,480,50,2.0,0.25,1,0.0,2,2663.0989,3448.8774,392.19568,3056.6816,27208
725708,481,50,2.0,0.25,2,1.0,2,516.43256,1142.9854,392.19568,750.7897,27310
726341,482,50,2.0,0.25,2,1.0,2,568.2058,1278.4622,392.19568,886.2665,27402
727141,483,50,2.0,0.25,2,1.0,2,492.2141,1081.0568,392.19568,688.8611,27511
727872,484,50,2.0,0.25,2,1.0,2,652.1813,1445.7241,392.19568,1053.5284,27593
728439,485,50,2.0,0.25,2,1.0,2,407.92407,1289.8376,392.19568,897.64197,27684
729056,486,50,2.0,0.25,2,1.0,2,601.91815,1512.5562,392.19568,1120.3605,27762
730722,487,50,2.0,0.25,2,0.0,1,3073.558,4153.923,689.69934,3464.2236,27762
733006,488,50,2.0,0.25,1,0.0,2,3527.8323,5075.4536,392.19568,4683.258,27762
734041,489,50,2.0,0.25,2,1.0,2,706.5036,1548.742,392.19568,1156.5463,27838
734706,490,50,2.0,0.25,2,1.0,2,601.54645,1176.3223,392.19568,784.1266,27938
737411,491,50,2.0,0.25,2,0.0,1,3984.7512,5125.038,689.69934,4435.339,27938
738144,492,50,2.0,0.25,1,1.0,1,912.7538,1916.9131,689.69934,1227.2137,28046
739277,493,50,2.0,0.25,1,1.0,1,782.1228,2016.6565,689.69934,1326.9572,28148
740032,494,50,2.0,0.25,1,1.0,1,794.52356,1832.3843,689.69934,1142.6849,28261
741449,495,50,2.0,0.25,1,0.0,2,2489.4373,3621.9111,392.19568,3229.7153,28261
742150,496,50,2.0,0.25,2,1.0,2,487.12094,1233.2971,392.19568,841.10144,28357
742800,497,50,2.0,0.25,2,1.0,2,903.68976,1430.3191,392.19568,1038.1234,28439
743603,498,50,2.0,0.25,2,1.0,2,554.563,1348.0703,392.19568,955.87463,28526
745469,499,50,2.0,0.25,2,0.0,1,3030.341,4291.6704,689.69934,3601.9712,28526
746802,500,50,2.0,0.25,1,1.0,1,1371.1003,2217.751,689.69934,1528.0516,28619
