2016,8,8,16,19
timestamp, trialNum, blockWidth, reach, leftprob, subjpos, Rightorwrong, rpos, forageDist, totDist, optdist, diff, score
22361,1,50,2.0,0.9,1,1.0,1,944,1918,689,1228,6612
23400,2,50,2.0,0.9,1,1.0,1,926,1801,689,1112,8920
24064,3,50,2.0,0.9,1,1.0,1,835,1823,689,1133,10284
28026,4,50,2.0,0.9,2,0.0,1,4648,5783,689,5094,10284
28950,5,50,2.0,0.9,1,1.0,1,876,1858,689,1168,12166
29785,6,50,2.0,0.9,1,1.0,1,962,2052,689,1362,13677
30601,7,50,2.0,0.9,1,1.0,1,927,1834,689,1144,15139
31567,8,50,2.0,0.9,1,1.0,1,965,1859,689,1169,17051
33169,9,50,2.0,0.9,1,1.0,1,928,1898,689,1208,20240
34900,10,50,2.0,0.9,1,1.0,1,1319,3717,689,3028,21845
35703,11,50,2.0,0.9,1,1.0,1,951,1927,689,1237,23466
36767,12,50,2.0,0.9,1,1.0,1,873,1811,689,1121,25332
37650,13,50,2.0,0.9,1,1.0,1,894,1800,689,1110,27141
38867,14,50,2.0,0.9,1,1.0,1,918,2517,689,1827,29313
39869,15,50,2.0,0.9,1,1.0,1,1387,2899,689,2209,30309
40845,16,50,2.0,0.9,1,1.0,1,821,1829,689,1139,32175
41481,17,50,2.0,0.9,1,1.0,1,848,2092,689,1403,33427
42379,18,50,2.0,0.9,1,1.0,1,871,1995,689,1305,34958
43251,19,50,2.0,0.9,1,1.0,1,899,1805,689,1115,36792
44734,20,50,2.0,0.9,1,1.0,1,1144,2195,689,1505,38803
47437,21,50,2.0,0.9,1,0.0,2,2244,3172,432,2740,38803
48730,22,50,2.0,0.9,1,1.0,1,897,2052,689,1362,41052
68560,23,50,2.0,0.9,1,1.0,1,3648,4778,689,4088,41802
69559,24,50,2.0,0.9,1,1.0,1,1020,1846,689,1156,43103
71605,25,50,2.0,0.9,1,0.0,2,2582,3831,432,3399,43103
73122,26,50,2.0,0.9,1,1.0,1,1095,3200,689,2510,44777
74293,27,50,2.0,0.9,1,1.0,1,974,1934,689,1245,46224
75026,28,50,2.0,0.9,1,1.0,1,923,2099,689,1410,47354
76059,29,50,2.0,0.9,1,1.0,1,1303,2135,689,1446,48315
76860,30,50,2.0,0.9,1,1.0,1,903,1999,689,1310,49907
78808,31,50,2.0,0.9,1,1.0,1,3129,4300,689,3610,50554
79577,32,50,2.0,0.9,1,1.0,1,858,1778,689,1088,52159
83674,33,50,2.0,0.9,1,0.0,2,5245,5936,432,5504,52159
85091,34,50,2.0,0.9,1,1.0,1,937,2016,689,1326,54567
85828,35,50,2.0,0.9,1,1.0,1,835,1964,689,1274,56201
87344,36,50,2.0,0.9,1,1.0,1,738,1668,689,978,58876
92677,37,50,2.0,0.9,2,0.0,1,9017,10062,689,9372,58876
93561,38,50,2.0,0.9,1,1.0,1,794,1782,689,1092,60877
94361,39,50,2.0,0.9,1,1.0,1,950,2020,689,1331,62223
95113,40,50,2.0,0.9,1,1.0,1,1220,1960,689,1270,62465
96134,41,50,2.0,0.9,1,1.0,1,838,2099,689,1409,64323
97069,42,50,2.0,0.9,1,1.0,1,850,1816,689,1126,66279
97970,43,50,2.0,0.9,1,1.0,1,794,1609,689,919,68299
98802,44,50,2.0,0.9,1,1.0,1,806,1751,689,1061,69971
99652,45,50,2.0,0.9,1,1.0,1,916,1792,689,1102,71426
101002,46,50,2.0,0.9,1,1.0,1,991,1893,689,1203,73483
101817,47,50,2.0,0.9,1,1.0,1,838,1847,689,1157,75109
103052,48,50,2.0,0.9,1,1.0,1,837,1674,689,984,77624
103982,49,50,2.0,0.9,1,1.0,1,896,1793,689,1104,79768
107299,50,50,2.0,0.9,1,0.0,2,2139,3031,432,2599,79768
110029,51,50,2.0,0.75,2,0.0,1,3772,4953,689,4263,79768
111213,52,50,2.0,0.75,1,1.0,1,1169,2204,689,1515,81445
112446,53,50,2.0,0.75,1,1.0,1,838,1792,689,1102,84212
114914,54,50,2.0,0.75,1,0.0,2,2197,3074,432,2642,84212
116037,55,50,2.0,0.75,1,1.0,1,1069,2326,689,1636,85755
118135,56,50,2.0,0.75,2,0.0,1,2354,3786,689,3096,85755
118852,57,50,2.0,0.75,1,1.0,1,847,1816,689,1127,87132
120504,58,50,2.0,0.75,1,1.0,1,3164,5133,689,4443,87693
123054,59,50,2.0,0.75,1,0.0,2,4722,5723,432,5291,87693
159342,60,50,2.0,0.75,2,0.0,1,2607,3783,689,3094,87693
161426,61,50,2.0,0.75,1,1.0,1,1302,2316,689,1626,88853
162163,62,50,2.0,0.75,1,1.0,1,1007,2388,689,1698,89984
165648,63,50,2.0,0.75,2,0.0,1,7629,8709,689,8019,89984
167013,64,50,2.0,0.75,1,1.0,1,1285,2204,689,1515,91099
167841,65,50,2.0,0.75,1,1.0,1,950,2131,689,1441,92290
169141,66,50,2.0,0.75,1,1.0,1,985,2107,689,1417,94172
170141,67,50,2.0,0.75,1,1.0,1,957,1881,689,1191,95764
170908,68,50,2.0,0.75,1,1.0,1,863,1708,689,1018,97333
171801,69,50,2.0,0.75,1,1.0,1,1034,1987,689,1297,98762
172802,70,50,2.0,0.75,1,1.0,1,1006,1984,689,1294,100602
173519,71,50,2.0,0.75,1,1.0,1,864,1821,689,1131,102336
176453,72,50,2.0,0.75,1,0.0,2,3001,3756,432,3324,102336
177736,73,50,2.0,0.75,1,1.0,1,1429,3194,689,2504,103518
178502,74,50,2.0,0.75,1,1.0,1,1217,2059,689,1369,103823
179236,75,50,2.0,0.75,1,1.0,1,1102,2316,689,1626,104900
181553,76,50,2.0,0.75,1,1.0,1,3070,4023,689,3334,105713
182286,77,50,2.0,0.75,1,1.0,1,912,2159,689,1469,107135
183204,78,50,2.0,0.75,1,1.0,1,1006,1870,689,1180,108017
184420,79,50,2.0,0.75,1,1.0,1,1054,1979,689,1289,109421
185607,80,50,2.0,0.75,1,1.0,1,1636,2801,689,2111,110755
186708,81,50,2.0,0.75,1,1.0,1,834,1717,689,1027,113020
187939,82,50,2.0,0.75,1,1.0,1,822,1978,689,1288,115278
190425,83,50,2.0,0.75,1,0.0,2,2392,3088,432,2655,115278
191661,84,50,2.0,0.75,1,1.0,1,918,2060,689,1370,117860
192761,85,50,2.0,0.75,1,1.0,1,791,1668,689,979,120599
193794,86,50,2.0,0.75,1,1.0,1,771,1762,689,1072,122889
194545,87,50,2.0,0.75,1,1.0,1,832,1894,689,1204,124622
195529,88,50,2.0,0.75,1,1.0,1,946,1920,689,1230,126561
196812,89,50,2.0,0.75,1,1.0,1,867,1712,689,1022,129398
199286,90,50,2.0,0.75,1,0.0,2,2594,3780,432,3348,129398
201610,91,50,2.0,0.75,2,0.0,1,2209,3231,689,2541,129398
202462,92,50,2.0,0.75,1,1.0,1,723,1907,689,1217,130874
203479,93,50,2.0,0.75,1,1.0,1,864,1743,689,1053,132761
204884,94,50,2.0,0.75,1,0.0,2,2202,2995,432,2563,132761
207369,95,50,2.0,0.75,1,0.0,2,4297,5165,432,4732,132761
208519,96,50,2.0,0.75,1,1.0,1,1210,2210,689,1520,134041
209386,97,50,2.0,0.75,1,1.0,1,862,1896,689,1207,135842
210708,98,50,2.0,0.75,1,1.0,1,936,1903,689,1214,137845
212424,99,50,2.0,0.75,1,1.0,1,1008,2155,689,1465,140680
213562,100,50,2.0,0.75,1,1.0,1,967,2053,689,1363,142143
216920,101,50,2.0,0.75,1,0.0,2,3585,4864,432,4432,142143
219735,102,50,2.0,0.25,2,0.0,1,3648,4830,689,4140,142143
221584,103,50,2.0,0.25,1,0.0,2,2336,3177,432,2744,142143
222639,104,50,2.0,0.25,2,1.0,2,679,1701,432,1268,143710
223252,105,50,2.0,0.25,2,1.0,2,576,1381,432,949,145213
224402,106,50,2.0,0.25,2,1.0,2,560,1219,432,787,147212
225358,107,50,2.0,0.25,2,1.0,2,618,1633,432,1200,148712
226008,108,50,2.0,0.25,2,1.0,2,593,1260,432,828,150036
227458,109,50,2.0,0.25,2,1.0,2,726,2421,432,1988,151461
228258,110,50,2.0,0.25,2,1.0,2,632,1296,432,864,153158
231831,111,50,2.0,0.25,2,0.0,1,2929,4105,689,3416,153158
235994,112,50,2.0,0.25,1,0.0,2,4223,4878,432,4445,153158
237144,113,50,2.0,0.25,2,1.0,2,613,1537,432,1105,155007
238211,114,50,2.0,0.25,2,1.0,2,574,1365,432,933,156978
241012,115,50,2.0,0.25,2,0.0,1,3243,4542,689,3853,156978
242113,116,50,2.0,0.25,2,1.0,2,1074,1659,432,1227,157970
243195,117,50,2.0,0.25,2,1.0,2,645,1514,432,1082,159863
246477,118,50,2.0,0.25,2,0.0,1,4965,5932,689,5243,159863
248581,119,50,2.0,0.25,2,0.0,1,2412,3402,689,2712,159863
253548,120,50,2.0,0.25,2,0.0,1,6908,7829,689,7139,159863
254632,121,50,2.0,0.25,1,1.0,1,965,1839,689,1149,162360
258315,122,50,2.0,0.25,1,0.0,2,2603,3422,432,2990,162360
260799,123,50,2.0,0.25,2,0.0,1,2496,3495,689,2806,162360
262669,124,50,2.0,0.25,1,0.0,2,2657,3245,432,2812,162360
264759,125,50,2.0,0.25,2,0.0,1,2558,3769,689,3079,162360
266611,126,50,2.0,0.25,2,0.0,1,2422,3442,689,2752,162360
268204,127,50,2.0,0.25,1,0.0,2,2727,3430,432,2998,162360
269088,128,50,2.0,0.25,2,1.0,2,545,1115,432,683,164415
270164,129,50,2.0,0.25,2,1.0,2,635,1462,432,1029,166077
271030,130,50,2.0,0.25,2,1.0,2,509,1147,432,715,168305
272164,131,50,2.0,0.25,2,1.0,2,683,1339,432,907,170055
272974,132,50,2.0,0.25,2,1.0,2,622,1345,432,913,171524
274078,133,50,2.0,0.25,2,1.0,2,642,1717,432,1285,173266
274962,134,50,2.0,0.25,2,1.0,2,569,1318,432,886,175039
278011,135,50,2.0,0.25,2,0.0,1,2540,3431,689,2742,175039
278961,136,50,2.0,0.25,2,1.0,2,616,1296,432,864,176547
280346,137,50,2.0,0.25,2,1.0,2,792,1376,432,943,178154
281246,138,50,2.0,0.25,2,1.0,2,599,1496,432,1063,179631
282163,139,50,2.0,0.25,2,1.0,2,581,1386,432,954,181449
282996,140,50,2.0,0.25,2,1.0,2,948,1505,432,1073,181787
283956,141,50,2.0,0.25,2,1.0,2,806,1596,432,1164,182846
288560,142,50,2.0,0.25,2,0.0,1,5428,6976,689,6287,182846
289547,143,50,2.0,0.25,2,1.0,2,702,1483,432,1051,184404
290395,144,50,2.0,0.25,2,1.0,2,605,1287,432,855,186031
291098,145,50,2.0,0.25,2,1.0,2,713,1582,432,1150,187119
292450,146,50,2.0,0.25,2,1.0,2,692,1686,432,1254,188253
293265,147,50,2.0,0.25,2,1.0,2,529,1257,432,824,189691
295315,148,50,2.0,0.25,2,0.0,1,1635,2615,689,1925,189691
296082,149,50,2.0,0.25,2,1.0,2,608,1533,432,1100,190976
298103,150,50,2.0,0.25,2,0.0,1,2372,3377,689,2688,190976
299201,151,50,2.0,0.25,2,1.0,2,553,1334,432,902,192489
300535,152,50,2.0,0.25,2,1.0,2,710,1293,432,861,193952
301244,153,50,2.0,0.1,2,1.0,2,656,1531,432,1099,195037
302241,154,50,2.0,0.1,2,1.0,2,771,1459,432,1027,196437
303238,155,50,2.0,0.1,2,1.0,2,831,1375,432,942,197925
305175,156,50,2.0,0.1,2,1.0,2,1337,2409,432,1977,198765
306105,157,50,2.0,0.1,2,1.0,2,645,1387,432,955,200018
309667,158,50,2.0,0.1,2,0.0,1,4107,5373,689,4683,200018
313204,159,50,2.0,0.1,2,1.0,2,2920,3687,432,3255,200520
313956,160,50,2.0,0.1,2,1.0,2,541,1252,432,820,202038
314775,161,50,2.0,0.1,2,1.0,2,615,1227,432,794,203411
315526,162,50,2.0,0.1,2,1.0,2,551,1252,432,820,204828
316203,163,50,2.0,0.1,2,1.0,2,509,1033,432,601,206066
317169,164,50,2.0,0.1,2,1.0,2,606,1260,432,828,207971
318229,165,50,2.0,0.1,2,1.0,2,591,1261,432,829,209720
318963,166,50,2.0,0.1,2,1.0,2,493,1257,432,825,211460
319713,167,50,2.0,0.1,2,1.0,2,552,1208,432,776,212956
321384,168,50,2.0,0.1,2,1.0,2,1337,3236,432,2804,214161
322484,169,50,2.0,0.1,2,1.0,2,732,1433,432,1001,215887
323351,170,50,2.0,0.1,2,1.0,2,515,1125,432,693,217698
324134,171,50,2.0,0.1,2,1.0,2,594,1524,432,1092,219104
326679,172,50,2.0,0.1,2,0.0,1,4068,5080,689,4390,219104
327924,173,50,2.0,0.1,2,1.0,2,693,1484,432,1051,221016
328692,174,50,2.0,0.1,2,1.0,2,649,1431,432,999,222375
329476,175,50,2.0,0.1,2,1.0,2,716,1412,432,980,223531
330241,176,50,2.0,0.1,2,1.0,2,636,1285,432,853,224966
331544,177,50,2.0,0.1,2,1.0,2,506,1171,432,739,227641
332290,178,50,2.0,0.1,2,1.0,2,602,1414,432,982,229031
333348,179,50,2.0,0.1,2,1.0,2,640,1417,432,985,230835
334217,180,50,2.0,0.1,2,1.0,2,548,1231,432,799,232784
334933,181,50,2.0,0.1,2,1.0,2,642,1501,432,1069,234094
335950,182,50,2.0,0.1,2,1.0,2,557,1576,432,1144,236014
338372,183,50,2.0,0.1,2,1.0,2,656,1484,432,1052,238487
344455,184,50,2.0,0.1,2,1.0,2,627,1488,432,1056,240081
345255,185,50,2.0,0.1,2,1.0,2,880,1422,432,990,240693
346955,186,50,2.0,0.1,2,1.0,2,555,1272,432,840,244173
348122,187,50,2.0,0.1,2,1.0,2,550,1180,432,748,246522
354756,188,50,2.0,0.1,2,0.0,1,3115,4469,689,3780,246522
355508,189,50,2.0,0.1,2,1.0,2,683,1820,432,1388,247729
356543,190,50,2.0,0.1,2,1.0,2,658,1955,432,1523,249137
357960,191,50,2.0,0.1,2,1.0,2,1759,2331,432,1898,249740
358711,192,50,2.0,0.1,2,1.0,2,664,1583,432,1151,251021
359805,193,50,2.0,0.1,2,1.0,2,802,1817,432,1385,252000
360905,194,50,2.0,0.1,2,1.0,2,927,1470,432,1038,252894
361589,195,50,2.0,0.1,2,1.0,2,778,1590,432,1158,253953
363239,196,50,2.0,0.1,2,1.0,2,964,1579,432,1147,255014
364941,197,50,2.0,0.1,2,1.0,2,767,1466,432,1034,257561
366242,198,50,2.0,0.1,2,1.0,2,1170,1850,432,1418,258658
366992,199,50,2.0,0.1,2,1.0,2,750,1872,432,1440,259627
367753,200,50,2.0,0.1,2,1.0,2,687,1795,432,1363,260614
368655,201,50,2.0,0.1,2,1.0,2,603,2128,432,1696,261808
369736,202,50,2.0,0.1,2,1.0,2,643,2007,432,1575,263001
370770,203,50,2.0,0.1,2,1.0,2,1457,2052,432,1619,263508
372942,204,50,2.0,0.5,2,0.0,1,2163,3285,689,2595,263508
373742,205,50,2.0,0.5,2,1.0,2,742,1733,432,1300,264459
374575,206,50,2.0,0.5,2,1.0,2,729,1473,432,1040,265550
376396,207,50,2.0,0.5,2,0.0,1,2785,3857,689,3167,265550
377626,208,50,2.0,0.5,2,1.0,2,917,1584,432,1151,266384
378377,209,50,2.0,0.5,2,1.0,2,730,1502,432,1069,267367
382242,210,50,2.0,0.5,2,0.0,1,4597,5638,689,4948,267367
387575,211,50,2.0,0.5,2,0.0,1,9031,10276,689,9586,267367
390077,212,50,2.0,0.5,1,0.0,2,2884,3466,432,3034,267367
392675,213,50,2.0,0.5,2,0.0,1,1944,3444,689,2754,267367
396288,214,50,2.0,0.5,1,0.0,2,3380,4065,432,3632,267367
397690,215,50,2.0,0.5,2,1.0,2,717,1552,432,1120,268576
398422,216,50,2.0,0.5,2,1.0,2,545,1468,432,1036,269901
399438,217,50,2.0,0.5,2,1.0,2,913,1483,432,1050,270709
400322,218,50,2.0,0.5,2,1.0,2,697,1450,432,1018,271810
400975,219,50,2.0,0.5,2,1.0,2,480,977,432,545,272982
401455,220,50,2.0,0.5,2,1.0,2,498,1183,432,750,274146
404225,221,50,2.0,0.5,2,0.0,1,4563,6004,689,5314,274146
407192,222,50,2.0,0.5,2,0.0,1,2132,3566,689,2876,274146
408943,223,50,2.0,0.5,2,1.0,2,645,1493,432,1061,276370
411258,224,50,2.0,0.5,2,0.0,1,2365,3256,689,2566,276370
411910,225,50,2.0,0.5,1,1.0,1,995,2124,689,1434,277591
413013,226,50,2.0,0.5,1,1.0,1,1434,2192,689,1503,278685
414779,227,50,2.0,0.5,1,1.0,1,908,1726,689,1036,280665
416203,228,50,2.0,0.5,1,0.0,2,2322,3460,432,3028,280665
441263,229,50,2.0,0.5,2,1.0,2,729,1990,432,1558,281842
444250,230,50,2.0,0.5,2,0.0,1,5491,6869,689,6179,281842
447708,231,50,2.0,0.5,2,0.0,1,6107,7142,689,6452,281842
449491,232,50,2.0,0.5,1,1.0,1,3382,4667,689,3977,282560
451207,233,50,2.0,0.5,1,0.0,2,2598,3550,432,3118,282560
453878,234,50,2.0,0.5,2,0.0,1,2820,4118,689,3429,282560
455882,235,50,2.0,0.5,1,0.0,2,2838,3763,432,3331,282560
460669,236,50,2.0,0.5,2,0.0,1,3960,6340,689,5650,282560
466585,237,50,2.0,0.5,1,0.0,2,7535,8090,432,7657,282560
471934,238,50,2.0,0.5,2,0.0,1,8458,9340,689,8650,282560
472825,239,50,2.0,0.5,1,1.0,1,823,1768,689,1078,284615
474954,240,50,2.0,0.5,1,0.0,2,2852,3409,432,2977,284615
476797,241,50,2.0,0.5,2,0.0,1,2473,3484,689,2794,284615
478962,242,50,2.0,0.5,1,0.0,2,2383,2996,432,2564,284615
479745,243,50,2.0,0.5,2,1.0,2,536,1208,432,776,286357
481729,244,50,2.0,0.5,2,0.0,1,2251,3240,689,2550,286357
483378,245,50,2.0,0.5,2,0.0,1,2407,3456,689,2767,286357
484695,246,50,2.0,0.5,1,1.0,1,887,1960,689,1270,288944
486512,247,50,2.0,0.5,1,0.0,2,2368,3044,432,2612,288944
488261,248,50,2.0,0.5,2,0.0,1,1995,3199,689,2509,288944
490314,249,50,2.0,0.5,2,0.0,1,2426,3464,689,2774,288944
491247,250,50,2.0,0.5,1,1.0,1,916,1807,689,1117,290813
493520,251,50,1.0,0.5,1,0.0,2,2546,3126,392,2734,290813
495289,252,50,1.0,0.5,2,1.0,2,911,1603,392,1211,292406
505404,253,50,1.0,0.5,2,0.0,1,13920,14595,392,14203,292406
506602,254,50,1.0,0.5,1,1.0,1,593,1267,392,875,293906
509023,255,50,1.0,0.5,2,0.0,1,1894,2767,392,2374,293906
510582,256,50,1.0,0.5,1,0.0,2,1855,2576,392,2184,293906
512099,257,50,1.0,0.5,2,0.0,1,1803,2546,392,2154,293906
513853,258,50,1.0,0.5,1,0.0,2,1604,2315,392,1923,293906
515722,259,50,1.0,0.5,2,0.0,1,3332,4005,392,3613,293906
516621,260,50,1.0,0.5,1,1.0,1,549,1400,392,1008,295337
518705,261,50,1.0,0.5,1,0.0,2,3116,3757,392,3365,295337
520155,262,50,1.0,0.5,1,0.0,2,1799,2535,392,2143,295337
521589,263,50,1.0,0.5,2,1.0,2,916,1661,392,1269,296243
523622,264,50,1.0,0.5,2,0.0,1,1997,4247,392,3855,296243
524823,265,50,1.0,0.5,1,1.0,1,968,2139,392,1746,297127
526108,266,50,1.0,0.5,1,1.0,1,499,1901,392,1509,299177
527605,267,50,1.0,0.5,1,0.0,2,1781,2434,392,2042,299177
528606,268,50,1.0,0.5,2,1.0,2,543,1230,392,838,300891
530388,269,50,1.0,0.5,1,0.0,2,1515,2192,392,1800,300891
531373,270,50,1.0,0.5,2,1.0,2,528,1029,392,637,301973
532478,271,50,1.0,0.5,2,1.0,2,889,1325,392,933,302249
533986,272,50,1.0,0.5,1,0.0,2,1547,2205,392,1813,302249
536560,273,50,1.0,0.5,2,0.0,1,3778,4528,392,4136,302249
538342,274,50,1.0,0.5,2,0.0,1,1895,2704,392,2312,302249
540443,275,50,1.0,0.5,2,0.0,1,2064,2830,392,2437,302249
541376,276,50,1.0,0.5,1,1.0,1,519,1361,392,969,303843
542210,277,50,1.0,0.5,1,1.0,1,525,1208,392,816,305345
543861,278,50,1.0,0.5,1,0.0,2,1930,2883,392,2491,305345
545410,279,50,1.0,0.5,2,0.0,1,1829,2821,392,2429,305345
546292,280,50,1.0,0.5,1,1.0,1,657,1357,392,965,306827
548078,281,50,1.0,0.5,1,0.0,2,1966,2693,392,2301,306827
550145,282,50,1.0,0.5,1,0.0,2,3452,4322,392,3930,306827
553189,283,50,1.0,0.5,2,0.0,1,3334,4748,392,4356,306827
555174,284,50,1.0,0.5,1,0.0,2,2139,2886,392,2494,306827
556846,285,50,1.0,0.5,2,0.0,1,1602,2265,392,1873,306827
558645,286,50,1.0,0.5,1,0.0,2,1996,2539,392,2147,306827
560431,287,50,1.0,0.5,2,0.0,1,1639,2610,392,2218,306827
562283,288,50,1.0,0.5,1,0.0,2,1785,2400,392,2008,306827
564132,289,50,1.0,0.5,2,0.0,1,1808,2497,392,2105,306827
565757,290,50,1.0,0.5,1,0.0,2,2008,2650,392,2258,306827
567658,291,50,1.0,0.5,1,0.0,2,2072,2641,392,2249,306827
569342,292,50,1.0,0.5,2,0.0,1,1599,2335,392,1943,306827
571711,293,50,1.0,0.5,1,0.0,2,1943,2510,392,2117,306827
573892,294,50,1.0,0.5,1,0.0,2,1977,2565,392,2172,306827
575594,295,50,1.0,0.5,2,0.0,1,1897,2625,392,2233,306827
577525,296,50,1.0,0.5,1,0.0,2,2046,2817,392,2425,306827
578344,297,50,1.0,0.5,2,1.0,2,663,1284,392,892,308181
579344,298,50,1.0,0.5,2,1.0,2,573,1210,392,818,310158
580467,299,50,1.0,0.5,2,1.0,2,543,1332,392,940,312203
582321,300,50,1.0,0.5,2,0.0,1,1998,2724,392,2332,312203
585174,301,50,1.0,0.5,2,0.0,1,3800,4364,392,3972,312203
586573,302,50,1.0,0.5,1,1.0,1,618,1289,392,897,313699
587457,303,50,1.0,0.5,1,1.0,1,473,1037,392,645,315519
589455,304,50,1.0,0.5,1,0.0,2,1786,2542,392,2150,315519
590422,305,50,1.0,0.5,2,1.0,2,630,1234,392,842,317058
592895,306,50,1.0,0.9,2,0.0,1,2176,2819,392,2427,317058
593711,307,50,1.0,0.9,1,1.0,1,554,1450,392,1057,318378
595309,308,50,1.0,0.9,1,0.0,2,1818,2505,392,2113,318378
596975,309,50,1.0,0.9,2,0.0,1,1818,2708,392,2316,318378
597708,310,50,1.0,0.9,1,1.0,1,627,1673,392,1280,319341
598582,311,50,1.0,0.9,1,1.0,1,755,1588,392,1196,320443
599696,312,50,1.0,0.9,1,1.0,1,530,1134,392,741,322576
600600,313,50,1.0,0.9,1,1.0,1,541,1176,392,784,324337
601547,314,50,1.0,0.9,1,1.0,1,551,1158,392,766,326108
602265,315,50,1.0,0.9,1,1.0,1,464,1072,392,680,327601
603156,316,50,1.0,0.9,1,1.0,1,754,1778,392,1386,328527
604054,317,50,1.0,0.9,1,1.0,1,593,1242,392,849,329979
605023,318,50,1.0,0.9,1,1.0,1,653,1338,392,946,331518
605807,319,50,1.0,0.9,1,1.0,1,568,1222,392,830,332975
607756,320,50,1.0,0.9,1,0.0,2,2033,3061,392,2669,332975
608522,321,50,1.0,0.9,1,1.0,1,639,1886,392,1494,333963
609792,322,50,1.0,0.9,1,1.0,1,622,1090,392,698,335596
610725,323,50,1.0,0.9,1,1.0,1,545,1212,392,820,337191
611609,324,50,1.0,0.9,1,1.0,1,641,1348,392,956,338662
612487,325,50,1.0,0.9,1,1.0,1,578,1166,392,774,340200
613588,326,50,1.0,0.9,1,1.0,1,853,1436,392,1044,341044
614305,327,50,1.0,0.9,1,1.0,1,521,1133,392,741,342325
615411,328,50,1.0,0.9,1,1.0,1,601,1244,392,852,344153
616711,329,50,1.0,0.9,1,1.0,1,693,1258,392,866,345751
617461,330,50,1.0,0.9,1,1.0,1,535,1311,392,919,347037
619596,331,50,1.0,0.9,1,0.0,2,2220,3281,392,2889,347037
620417,332,50,1.0,0.9,1,1.0,1,532,1188,392,796,348646
621168,333,50,1.0,0.9,1,1.0,1,483,1286,392,894,350066
621970,334,50,1.0,0.9,1,1.0,1,542,1222,392,830,351477
622869,335,50,1.0,0.9,1,1.0,1,580,1218,392,826,353118
623654,336,50,1.0,0.9,1,1.0,1,506,1300,392,908,354625
624404,337,50,1.0,0.9,1,1.0,1,552,1318,392,926,355878
625105,338,50,1.0,0.9,1,1.0,1,582,1561,392,1169,356878
626642,339,50,1.0,0.9,1,1.0,1,1029,1569,392,1177,357891
627376,340,50,1.0,0.9,1,1.0,1,565,1576,392,1184,358974
628414,341,50,1.0,0.9,1,1.0,1,647,1239,392,847,360612
629931,342,50,1.0,0.9,1,1.0,1,981,1954,392,1562,361464
631165,343,50,1.0,0.9,1,1.0,1,772,1654,392,1262,362590
632145,344,50,1.0,0.9,1,1.0,1,624,1260,392,867,363863
633181,345,50,1.0,0.9,1,1.0,1,831,1352,392,959,364208
634647,346,50,1.0,0.9,1,1.0,1,1188,1767,392,1375,364909
635812,347,50,1.0,0.9,1,1.0,1,572,1443,392,1051,366891
637818,348,50,1.0,0.9,1,0.0,2,2208,2754,392,2362,366891
638785,349,50,1.0,0.9,1,1.0,1,588,1161,392,769,368653
639852,350,50,1.0,0.9,1,1.0,1,780,1335,392,942,369674
640799,351,50,1.0,0.9,1,1.0,1,902,1645,392,1253,370777
641499,352,50,1.0,0.9,1,1.0,1,497,1510,392,1118,371739
642983,353,50,1.0,0.9,1,0.0,2,1752,2354,392,1962,371739
644056,354,50,1.0,0.9,1,1.0,1,778,2062,392,1670,372607
645365,355,50,1.0,0.9,1,0.0,2,1846,2459,392,2067,372607
646537,356,50,1.0,0.9,1,1.0,1,1061,1814,392,1422,373497
649424,357,50,1.0,0.1,1,0.0,2,3180,3763,392,3371,373497
651044,358,50,1.0,0.1,1,0.0,2,1883,2476,392,2084,373497
653041,359,50,1.0,0.1,1,0.0,2,2028,2584,392,2192,373497
653873,360,50,1.0,0.1,2,1.0,2,532,1251,392,859,375021
655672,361,50,1.0,0.1,2,0.0,1,1813,2686,392,2293,375021
657559,362,50,1.0,0.1,1,0.0,2,2446,3062,392,2670,375021
658826,363,50,1.0,0.1,2,1.0,2,602,1323,392,930,376630
659585,364,50,1.0,0.1,2,1.0,2,554,1260,392,867,378067
660548,365,50,1.0,0.1,2,1.0,2,555,1148,392,756,379916
661448,366,50,1.0,0.1,2,1.0,2,620,1378,392,986,381468
662816,367,50,1.0,0.1,2,0.0,1,1783,2447,392,2055,381468
663682,368,50,1.0,0.1,2,1.0,2,546,1215,392,822,382911
664381,369,50,1.0,0.1,2,1.0,2,541,1298,392,906,384127
665249,370,50,1.0,0.1,2,1.0,2,571,1167,392,775,385478
666049,371,50,1.0,0.1,2,1.0,2,572,1242,392,849,387074
666799,372,50,1.0,0.1,2,1.0,2,514,1267,392,875,388482
667515,373,50,1.0,0.1,2,1.0,2,527,1157,392,764,390022
668299,374,50,1.0,0.1,2,1.0,2,700,1291,392,898,391244
669149,375,50,1.0,0.1,2,1.0,2,618,1316,392,924,392784
669948,376,50,1.0,0.1,2,1.0,2,623,1187,392,795,394107
670648,377,50,1.0,0.1,2,1.0,2,658,1272,392,880,395229
671598,378,50,1.0,0.1,2,1.0,2,589,1181,392,789,396600
672281,379,50,1.0,0.1,2,1.0,2,572,1448,392,1056,397748
672998,380,50,1.0,0.1,2,1.0,2,648,1367,392,975,399007
674249,381,50,1.0,0.1,2,1.0,2,482,1095,392,703,401268
675332,382,50,1.0,0.1,2,1.0,2,864,1420,392,1027,402279
676119,383,50,1.0,0.1,2,1.0,2,502,1214,392,822,403916
677149,384,50,1.0,0.1,2,1.0,2,733,1536,392,1143,405246
678066,385,50,1.0,0.1,2,1.0,2,760,1425,392,1033,406402
679382,386,50,1.0,0.1,2,1.0,2,586,1206,392,814,408529
680182,387,50,1.0,0.1,2,1.0,2,496,1193,392,801,410302
681183,388,50,1.0,0.1,2,1.0,2,518,1379,392,986,412165
683084,389,50,1.0,0.1,2,1.0,2,558,2349,392,1956,416079
685676,390,50,1.0,0.1,2,0.0,1,3006,3675,392,3283,416079
686460,391,50,1.0,0.1,2,1.0,2,625,1422,392,1030,417350
687260,392,50,1.0,0.1,2,1.0,2,604,1343,392,951,418675
689111,393,50,1.0,0.1,2,0.0,1,1913,2707,392,2315,418675
689861,394,50,1.0,0.1,2,1.0,2,600,1470,392,1078,419896
690694,395,50,1.0,0.1,2,1.0,2,598,1413,392,1021,421213
691580,396,50,1.0,0.1,2,1.0,2,651,1294,392,902,422560
695235,397,50,1.0,0.1,2,0.0,1,2628,3613,392,3220,422560
696486,398,50,1.0,0.1,2,1.0,2,621,1404,392,1011,424398
697368,399,50,1.0,0.1,2,1.0,2,459,1149,392,756,426145
698219,400,50,1.0,0.1,2,1.0,2,685,1590,392,1198,427261
699421,401,50,1.0,0.1,2,1.0,2,529,967,392,574,429721
700550,402,50,1.0,0.1,2,1.0,2,644,1599,392,1207,431333
701300,403,50,1.0,0.1,2,1.0,2,519,1110,392,718,433069
702067,404,50,1.0,0.1,2,1.0,2,458,1178,392,786,434519
702787,405,50,1.0,0.1,2,1.0,2,633,1237,392,845,435725
703417,406,50,1.0,0.1,2,1.0,2,522,1156,392,764,436964
704517,407,50,1.0,0.1,2,1.0,2,1124,1911,392,1519,437645
705233,408,50,1.0,0.25,2,1.0,2,604,1416,392,1024,438673
706004,409,50,1.0,0.25,2,1.0,2,627,1250,392,857,439840
706856,410,50,1.0,0.25,2,1.0,2,642,1446,392,1053,441085
707638,411,50,1.0,0.25,2,1.0,2,568,1210,392,817,442494
709428,412,50,1.0,0.25,2,0.0,1,1759,2560,392,2168,442494
710230,413,50,1.0,0.25,2,1.0,2,535,1281,392,889,444132
712062,414,50,1.0,0.25,2,0.0,1,1648,2274,392,1882,444132
713593,415,50,1.0,0.25,2,1.0,2,750,1661,392,1269,445376
714544,416,50,1.0,0.25,2,1.0,2,572,1117,392,725,446990
716147,417,50,1.0,0.25,2,1.0,2,679,1272,392,880,448316
716962,418,50,1.0,0.25,2,1.0,2,528,1282,392,890,449841
717727,419,50,1.0,0.25,2,1.0,2,497,1040,392,648,451467
718461,420,50,1.0,0.25,2,1.0,2,521,1331,392,939,452815
719228,421,50,1.0,0.25,2,1.0,2,604,1160,392,768,454133
721361,422,50,1.0,0.25,2,1.0,2,2154,2620,392,2227,454703
724863,423,50,1.0,0.25,2,0.0,1,2561,3451,392,3059,454703
726429,424,50,1.0,0.25,2,1.0,2,1076,1845,392,1452,455684
727362,425,50,1.0,0.25,2,1.0,2,558,1404,392,1012,457410
727879,426,50,1.0,0.25,2,1.0,2,531,1173,392,781,458192
728632,427,50,1.0,0.25,2,1.0,2,628,1414,392,1022,459021
729384,428,50,1.0,0.25,2,1.0,2,567,1352,392,960,460204
730084,429,50,1.0,0.25,2,1.0,2,656,1310,392,918,461266
731015,430,50,1.0,0.25,2,1.0,2,575,1330,392,938,463011
733605,431,50,1.0,0.25,2,0.0,1,2949,3601,392,3209,463011
736251,432,50,1.0,0.25,2,0.0,1,2689,3478,392,3086,463011
737268,433,50,1.0,0.25,2,1.0,2,598,1239,392,846,464619
739454,434,50,1.0,0.25,2,0.0,1,1966,2748,392,2356,464619
741051,435,50,1.0,0.25,1,0.0,2,2010,2613,392,2221,464619
743335,436,50,1.0,0.25,2,0.0,1,3402,4437,392,4045,464619
745313,437,50,1.0,0.25,1,0.0,2,2033,3076,392,2684,464619
746295,438,50,1.0,0.25,2,1.0,2,582,1285,392,893,466246
747311,439,50,1.0,0.25,2,1.0,2,701,1306,392,914,467556
748211,440,50,1.0,0.25,2,1.0,2,810,1343,392,951,468784
750628,441,50,1.0,0.25,2,0.0,1,2293,3002,392,2610,468784
751412,442,50,1.0,0.25,2,1.0,2,506,1154,392,762,470416
752212,443,50,1.0,0.25,2,1.0,2,665,1204,392,812,471829
753062,444,50,1.0,0.25,2,1.0,2,510,1086,392,694,473693
753765,445,50,1.0,0.25,2,1.0,2,454,1199,392,807,475244
754555,446,50,1.0,0.25,2,1.0,2,732,1236,392,844,476391
755305,447,50,1.0,0.25,2,1.0,2,613,1079,392,687,477608
756171,448,50,1.0,0.25,2,1.0,2,547,1125,392,733,479186
756904,449,50,1.0,0.25,2,1.0,2,495,964,392,571,480697
757716,450,50,1.0,0.25,2,1.0,2,598,1235,392,843,482260
759666,451,50,1.0,0.25,2,0.0,1,1725,2418,392,2025,482260
760948,452,50,1.0,0.25,2,1.0,2,729,1587,392,1195,483640
762163,453,50,1.0,0.25,2,1.0,2,534,1543,392,1151,485426
764519,454,50,1.0,0.25,2,0.0,1,1579,2177,392,1785,485426
765304,455,50,1.0,0.25,1,1.0,1,513,1091,392,698,487095
766198,456,50,1.0,0.25,1,1.0,1,527,1224,392,831,488615
768410,457,50,1.0,0.25,1,0.0,2,1658,2173,392,1780,488615
770011,458,50,1.0,0.25,1,1.0,1,829,1378,392,986,490007
770919,459,50,1.0,0.75,1,1.0,1,687,1438,392,1045,491136
771735,460,50,1.0,0.75,1,1.0,1,554,1183,392,791,492420
772568,461,50,1.0,0.75,1,1.0,1,558,1382,392,990,493799
773387,462,50,1.0,0.75,1,1.0,1,558,1213,392,820,495180
774235,463,50,1.0,0.75,1,1.0,1,551,1122,392,729,496844
774994,464,50,1.0,0.75,1,1.0,1,744,1523,392,1131,497811
776149,465,50,1.0,0.75,1,1.0,1,743,1943,392,1551,499400
777142,466,50,1.0,0.75,1,1.0,1,666,1342,392,950,500915
778658,467,50,1.0,0.75,1,1.0,1,744,1393,392,1001,501659
779500,468,50,1.0,0.75,1,1.0,1,609,1274,392,882,502794
780119,469,50,1.0,0.75,1,1.0,1,608,1226,392,834,503767
781183,470,50,1.0,0.75,1,1.0,1,1067,1780,392,1388,504282
782200,471,50,1.0,0.75,1,1.0,1,558,1413,392,1021,505761
784600,472,50,1.0,0.75,1,0.0,2,3014,3665,392,3272,505761
786874,473,50,1.0,0.75,1,0.0,2,1966,2686,392,2294,505761
787875,474,50,1.0,0.75,1,1.0,1,607,1279,392,886,507509
788476,475,50,1.0,0.75,1,1.0,1,527,1353,392,961,508576
790760,476,50,1.0,0.75,1,0.0,2,2104,3173,392,2781,508576
791528,477,50,1.0,0.75,1,1.0,1,526,1395,392,1003,509743
792595,478,50,1.0,0.75,1,1.0,1,553,1453,392,1061,511574
794833,479,50,1.0,0.75,1,0.0,2,3531,4082,392,3689,511574
795782,480,50,1.0,0.75,1,1.0,1,631,1715,392,1323,513001
796314,481,50,1.0,0.75,1,1.0,1,848,1335,392,943,513201
797064,482,50,1.0,0.75,1,1.0,1,613,1269,392,877,514385
799048,483,50,1.0,0.75,1,0.0,2,1947,2434,392,2041,514385
799999,484,50,1.0,0.75,1,1.0,1,688,1439,392,1047,515633
801986,485,50,1.0,0.75,1,0.0,2,1858,2340,392,1948,515633
803302,486,50,1.0,0.75,1,1.0,1,1360,2142,392,1750,516308
804202,487,50,1.0,0.75,1,1.0,1,578,1298,392,906,517885
805500,488,50,1.0,0.75,1,1.0,1,557,1275,392,882,519993
806799,489,50,1.0,0.75,1,1.0,1,562,1203,392,811,522688
808675,490,50,1.0,0.75,1,1.0,1,679,1289,392,897,524627
809691,491,50,1.0,0.75,1,1.0,1,525,1221,392,828,526356
811328,492,50,1.0,0.75,1,0.0,2,1663,2194,392,1802,526356
812096,493,50,1.0,0.75,1,1.0,1,557,1370,392,978,527651
815310,494,50,1.0,0.75,1,0.0,2,3615,4125,392,3732,527651
816210,495,50,1.0,0.75,1,1.0,1,533,1302,392,909,529273
817143,496,50,1.0,0.75,1,1.0,1,615,1235,392,843,530954
819126,497,50,1.0,0.75,1,0.0,2,1721,2332,392,1940,530954
820059,498,50,1.0,0.75,1,1.0,1,623,1646,392,1253,532232
820942,499,50,1.0,0.75,1,1.0,1,537,1345,392,953,533860
822143,500,50,1.0,0.75,1,1.0,1,535,1227,392,835,535977
