2016,8,23,14,11
timestamp, trialNum, blockWidth, reach, leftprob, subjpos, Rightorwrong, rpos, forageDist, totDist, optdist, diff, score
21297,1,50,2.0,0.75,1,1.0,1,835.5655,1714.9622,689.69934,1025.2628,120
22193,2,50,2.0,0.75,1,1.0,1,921.6944,1871.7424,689.69934,1182.0431,231
23406,3,50,2.0,0.75,1,1.0,1,883.8213,2053.7764,689.69934,1364.077,331
37739,4,50,2.0,0.75,1,0.0,2,2445.138,3394.6008,392.19568,3002.4053,331
39488,5,50,2.0,0.75,1,1.0,1,920.7475,2075.7825,689.69934,1386.0831,431
41470,6,50,2.0,0.75,1,0.0,2,2339.3152,3010.8496,392.19568,2618.6538,431
44933,7,50,2.0,0.75,1,0.0,2,2570.002,3238.222,392.19568,2846.0264,431
47245,8,50,2.0,0.75,2,0.0,1,2188.649,3123.9512,689.69934,2434.252,431
51703,9,50,2.0,0.75,1,0.0,2,2337.725,2876.5962,392.19568,2484.4004,431
54325,10,50,2.0,0.75,2,0.0,1,2268.937,3175.4712,689.69934,2485.772,431
55660,11,50,2.0,0.75,1,1.0,1,961.46716,2229.123,689.69934,1539.4237,524
56704,12,50,2.0,0.75,1,1.0,1,848.77814,2034.0024,689.69934,1344.3031,626
57986,13,50,2.0,0.75,1,1.0,1,845.2273,1663.7786,689.69934,974.0792,750
59080,14,50,2.0,0.75,1,1.0,1,806.8243,1831.706,689.69934,1142.0067,863
61570,15,50,2.0,0.75,1,1.0,1,1151.8252,2019.5223,689.69934,1329.823,965
66395,16,50,2.0,0.75,1,0.0,2,3193.2725,3978.6545,392.19568,3586.459,965
71092,17,50,2.0,0.75,1,1.0,1,805.69867,1663.5034,689.69934,973.8041,1090
77502,18,50,2.0,0.75,1,0.0,2,3026.8975,4173.347,392.19568,3781.1514,1090
79767,19,50,2.0,0.75,2,0.0,1,2702.844,3675.8691,689.69934,2986.17,1090
80762,20,50,2.0,0.75,1,1.0,1,1335.7723,2152.3384,689.69934,1462.639,1186
81496,21,50,2.0,0.75,1,1.0,1,954.01514,2121.4355,689.69934,1431.7362,1283
83395,22,50,2.0,0.75,1,0.0,2,3238.5034,3841.1135,392.19568,3448.918,1283
84385,23,50,2.0,0.75,1,1.0,1,869.323,2251.4197,689.69934,1561.7203,1375
88062,24,50,2.0,0.75,2,0.0,1,2379.1802,3288.9482,689.69934,2599.249,1375
90523,25,50,2.0,0.75,1,1.0,1,1056.4116,1979.9023,689.69934,1290.203,1480
92486,26,50,2.0,0.75,1,1.0,1,759.9388,1584.9519,689.69934,895.25256,1610
95059,27,50,2.0,0.75,1,1.0,1,1019.98615,1960.8005,689.69934,1271.1012,1716
96874,28,50,2.0,0.75,1,1.0,1,964.8896,1796.3499,689.69934,1106.6505,1831
98170,29,50,2.0,0.75,1,1.0,1,909.0811,1827.1135,689.69934,1137.4142,1944
99503,30,50,2.0,0.75,1,1.0,1,920.8078,1954.6992,689.69934,1264.9999,2050
100687,31,50,2.0,0.75,1,1.0,1,860.44904,1682.749,689.69934,993.0497,2173
101996,32,50,2.0,0.75,1,1.0,1,985.21857,2260.2798,689.69934,1570.5804,2265
102962,33,50,2.0,0.75,1,1.0,1,740.83887,1491.7527,689.69934,802.05334,2403
104103,34,50,2.0,0.75,1,1.0,1,953.63306,1992.0814,689.69934,1302.3821,2507
105313,35,50,2.0,0.75,1,1.0,1,818.7047,1905.0938,689.69934,1215.3944,2616
106349,36,50,2.0,0.75,1,1.0,1,781.7409,1858.0076,689.69934,1168.3082,2727
107207,37,50,2.0,0.75,1,1.0,1,893.6769,1769.5565,689.69934,1079.8572,2844
108224,38,50,2.0,0.75,1,1.0,1,897.07794,1750.3757,689.69934,1060.6764,2962
109253,39,50,2.0,0.75,1,1.0,1,990.7264,2225.494,689.69934,1535.7946,3055
110421,40,50,2.0,0.75,1,1.0,1,855.6544,1804.9194,689.69934,1115.2201,3170
114630,41,50,2.0,0.75,1,0.0,2,1977.197,2798.8096,392.19568,2406.6138,3170
120938,42,50,2.0,0.75,1,0.0,2,2463.2827,3142.3293,392.19568,2750.1338,3170
123560,43,50,2.0,0.75,2,1.0,2,798.22205,3227.125,392.19568,2834.9292,3206
125934,44,50,2.0,0.75,1,0.0,2,2993.9128,3502.9346,392.19568,3110.7388,3206
128270,45,50,2.0,0.75,1,0.0,2,2336.7266,2894.3293,392.19568,2502.1338,3206
129566,46,50,2.0,0.75,1,1.0,1,930.66235,2189.293,689.69934,1499.5936,3301
132342,47,50,2.0,0.75,1,0.0,2,2478.772,3847.0056,392.19568,3454.81,3301
133334,48,50,2.0,0.75,1,1.0,1,748.8361,1637.6802,689.69934,947.98083,3427
134560,49,50,2.0,0.75,1,1.0,1,966.8924,1996.6709,689.69934,1306.9716,3531
136223,50,50,2.0,0.75,1,1.0,1,872.0541,1656.285,689.69934,966.5857,3656
138636,51,50,2.0,0.1,1,0.0,2,2374.3472,3011.9148,392.19568,2619.7192,3656
141388,52,50,2.0,0.1,1,1.0,1,984.57556,1739.1724,689.69934,1049.473,3775
146146,53,50,2.0,0.1,1,0.0,2,2037.3132,2594.04,392.19568,2201.8442,3775
150514,54,50,2.0,0.1,1,0.0,2,3030.088,3665.2202,392.19568,3273.0244,3775
152170,55,50,2.0,0.1,2,1.0,2,648.3626,1187.8147,392.19568,795.619,3874
154023,56,50,2.0,0.1,2,1.0,2,691.29694,1278.99,392.19568,886.7943,3966
155608,57,50,2.0,0.1,2,1.0,2,716.51886,1263.228,392.19568,871.03235,4059
155954,58,50,2.0,0.1,2,1.0,2,480.4436,1056.4779,392.19568,664.2822,4170
156843,59,50,2.0,0.1,2,1.0,2,518.40985,1925.335,392.19568,1533.1393,4232
160310,60,50,2.0,0.1,2,0.0,1,2745.089,3750.7092,689.69934,3061.0098,4232
161338,61,50,2.0,0.1,2,1.0,2,565.3861,1440.237,392.19568,1048.0414,4313
162155,62,50,2.0,0.1,2,1.0,2,593.1728,1220.2795,392.19568,828.08386,4410
165739,63,50,2.0,0.1,2,0.0,1,5472.5923,6391.7324,689.69934,5702.033,4410
166846,64,50,2.0,0.1,2,1.0,2,621.71454,1272.5798,392.19568,880.38416,4502
170662,65,50,2.0,0.1,2,0.0,1,5246.6064,6740.498,689.69934,6050.799,4502
173526,66,50,2.0,0.1,1,0.0,2,2537.9177,3846.0542,392.19568,3453.8584,4502
175591,67,50,2.0,0.1,1,0.0,2,2687.569,3226.774,392.19568,2834.5781,4502
176792,68,50,2.0,0.1,2,1.0,2,972.56177,2054.872,392.19568,1662.6764,4559
179604,69,50,2.0,0.1,2,0.0,1,2435.3684,3639.7935,689.69934,2950.0942,4559
182214,70,50,2.0,0.1,2,0.0,1,2928.3884,4429.573,689.69934,3739.874,4559
184074,71,50,2.0,0.1,1,0.0,2,2959.6653,3661.2239,392.19568,3269.0283,4559
184915,72,50,2.0,0.1,2,1.0,2,732.10895,1273.5776,392.19568,881.38196,4652
185634,73,50,2.0,0.1,2,1.0,2,753.76965,1640.362,392.19568,1248.1664,4723
188065,74,50,2.0,0.1,2,1.0,2,4359.615,4911.413,392.19568,4519.2173,4747
189150,75,50,2.0,0.1,2,1.0,2,712.97705,1698.6278,392.19568,1306.4321,4817
190076,76,50,2.0,0.1,2,1.0,2,502.10257,1288.0299,392.19568,895.8342,4908
190854,77,50,2.0,0.1,2,1.0,2,706.6639,1376.8186,392.19568,984.6229,4994
192118,78,50,2.0,0.1,2,1.0,2,965.9279,1613.4972,392.19568,1221.3015,5066
193027,79,50,2.0,0.1,2,1.0,2,508.412,1336.1816,392.19568,943.98596,5154
193882,80,50,2.0,0.1,2,1.0,2,646.90894,1454.3044,392.19568,1062.1088,5235
194968,81,50,2.0,0.1,2,1.0,2,689.1127,1782.0336,392.19568,1389.8379,5301
195748,82,50,2.0,0.1,2,1.0,2,519.7055,1257.2036,392.19568,865.00793,5395
196467,83,50,2.0,0.1,2,1.0,2,573.17926,1148.0764,392.19568,755.88074,5497
197192,84,50,2.0,0.1,2,1.0,2,675.01166,1283.9373,392.19568,891.7416,5589
198534,85,50,2.0,0.1,2,1.0,2,950.29944,1602.0674,392.19568,1209.8717,5663
199320,86,50,2.0,0.1,2,1.0,2,630.41504,1599.6052,392.19568,1207.4095,5736
201004,87,50,2.0,0.1,2,1.0,2,1572.4213,2430.163,392.19568,2037.9674,5785
203629,88,50,2.0,0.1,2,1.0,2,621.32825,1202.0833,392.19568,809.8876,5882
205740,89,50,2.0,0.1,2,1.0,2,511.7444,1465.0223,392.19568,1072.8267,5963
208366,90,50,2.0,0.1,2,0.0,1,2126.1558,3098.1626,689.69934,2408.4634,5963
210246,91,50,2.0,0.1,2,1.0,2,531.06683,1176.5927,392.19568,784.397,6063
211033,92,50,2.0,0.1,2,1.0,2,715.2949,1747.9822,392.19568,1355.7865,6130
211918,93,50,2.0,0.1,2,1.0,2,696.86774,1380.3115,392.19568,988.11584,6215
212983,94,50,2.0,0.1,2,1.0,2,559.54834,1228.723,392.19568,836.52734,6311
213885,95,50,2.0,0.1,2,1.0,2,580.04504,1319.891,392.19568,927.6953,6400
214788,96,50,2.0,0.1,2,1.0,2,632.1367,1572.7773,392.19568,1180.5817,6475
215894,97,50,2.0,0.1,2,1.0,2,662.68384,1329.9011,392.19568,937.70544,6563
217127,98,50,2.0,0.1,2,1.0,2,586.31177,1227.4219,392.19568,835.2262,6659
218407,99,50,2.0,0.1,2,1.0,2,540.6234,1302.1401,392.19568,909.94446,6750
219413,100,50,2.0,0.1,2,1.0,2,526.2948,1301.5831,392.19568,909.38745,6840
220632,101,50,2.0,0.1,2,1.0,2,637.51447,1616.6223,392.19568,1224.4266,6913
227778,102,50,2.0,0.9,2,0.0,1,9172.411,10882.623,689.69934,10192.924,6913
232461,103,50,2.0,0.9,2,1.0,2,566.27136,1456.6937,392.19568,1064.498,6994
236245,104,50,2.0,0.9,2,0.0,1,1853.316,2897.317,689.69934,2207.6177,6994
238212,105,50,2.0,0.9,2,0.0,1,1457.2256,2279.5198,689.69934,1589.8204,6994
239356,106,50,2.0,0.9,1,1.0,1,886.36926,1677.4934,689.69934,987.79407,7117
240425,107,50,2.0,0.9,1,1.0,1,1291.7953,2094.2107,689.69934,1404.5114,7216
241123,108,50,2.0,0.9,1,1.0,1,890.54645,1796.3363,689.69934,1106.637,7331
242063,109,50,2.0,0.9,1,1.0,1,947.14105,1817.8479,689.69934,1128.1486,7445
242870,110,50,2.0,0.9,1,1.0,1,918.10394,1931.9407,689.69934,1242.2413,7552
243743,111,50,2.0,0.9,1,1.0,1,913.48724,1859.0515,689.69934,1169.3522,7663
250425,112,50,2.0,0.9,2,0.0,1,6085.6836,6911.442,689.69934,6221.7427,7663
256808,113,50,2.0,0.9,2,1.0,2,627.79364,1127.9401,392.19568,735.7444,7767
259627,114,50,2.0,0.9,2,0.0,1,2288.3262,3539.999,689.69934,2850.2998,7767
265356,115,50,2.0,0.9,2,0.0,1,1727.2612,3100.355,689.69934,2410.6558,7767
266359,116,50,2.0,0.9,1,1.0,1,1392.6882,2194.936,689.69934,1505.2367,7862
267674,117,50,2.0,0.9,1,1.0,1,1629.5848,2716.2036,689.69934,2026.5043,7938
268919,118,50,2.0,0.9,1,1.0,1,1035.0934,1917.5286,689.69934,1227.8292,8046
270027,119,50,2.0,0.9,1,1.0,1,873.07965,1970.8684,689.69934,1281.1691,8151
270848,120,50,2.0,0.9,1,1.0,1,889.64136,1942.4762,689.69934,1252.7769,8257
272052,121,50,2.0,0.9,1,1.0,1,1221.4291,2361.231,689.69934,1671.5316,8345
273113,122,50,2.0,0.9,1,1.0,1,832.0768,1922.659,689.69934,1232.9597,8453
274133,123,50,2.0,0.9,1,1.0,1,832.25366,1853.3536,689.69934,1163.6543,8564
274773,124,50,2.0,0.9,1,1.0,1,813.2913,1856.292,689.69934,1166.5927,8676
275460,125,50,2.0,0.9,1,1.0,1,921.6185,1827.8472,689.69934,1138.1478,8789
277356,126,50,2.0,0.9,1,1.0,1,2461.6147,3994.0476,689.69934,3304.3481,8841
278402,127,50,2.0,0.9,1,1.0,1,850.17084,1721.0815,689.69934,1031.3822,8961
279982,128,50,2.0,0.9,1,1.0,1,937.11566,1809.6221,689.69934,1119.9227,9075
281201,129,50,2.0,0.9,1,1.0,1,975.5904,1799.3298,689.69934,1109.6305,9190
285244,130,50,2.0,0.9,2,0.0,1,4289.137,5290.028,689.69934,4600.3286,9190
286331,131,50,2.0,0.9,1,1.0,1,1199.9183,2035.3999,689.69934,1345.7006,9292
287203,132,50,2.0,0.9,1,1.0,1,726.1478,1976.2751,689.69934,1286.5758,9397
288284,133,50,2.0,0.9,1,1.0,1,887.67633,1738.5125,689.69934,1048.8131,9516
290371,134,50,2.0,0.9,1,1.0,1,1076.7701,1917.17,689.69934,1227.4707,9624
291188,135,50,2.0,0.9,1,1.0,1,870.5654,1815.6083,689.69934,1125.9089,9737
292143,136,50,2.0,0.9,1,1.0,1,875.0596,2057.1804,689.69934,1367.4811,9838
295975,137,50,2.0,0.9,2,0.0,1,6625.6626,7944.8975,689.69934,7255.198,9838
298661,138,50,2.0,0.9,2,0.0,1,4905.204,5948.589,689.69934,5258.8896,9838
299706,139,50,2.0,0.9,1,1.0,1,1221.7478,2072.7236,689.69934,1383.0243,9938
302012,140,50,2.0,0.9,1,1.0,1,3139.4202,3976.9917,689.69934,3287.2925,9990
303254,141,50,2.0,0.9,1,1.0,1,1352.7716,2201.2258,689.69934,1511.5265,10084
304227,142,50,2.0,0.9,1,1.0,1,879.66016,1961.6887,689.69934,1271.9894,10189
305391,143,50,2.0,0.9,1,1.0,1,785.2277,1733.683,689.69934,1043.9836,10309
306702,144,50,2.0,0.9,1,1.0,1,1167.5669,2053.7576,689.69934,1364.0582,10409
307759,145,50,2.0,0.9,1,1.0,1,846.3806,2134.0344,689.69934,1444.3351,10506
308762,146,50,2.0,0.9,1,1.0,1,826.8312,2026.7472,689.69934,1337.0479,10609
309522,147,50,2.0,0.9,1,1.0,1,876.57666,2196.0815,689.69934,1506.3822,10703
310534,148,50,2.0,0.9,1,1.0,1,1017.36127,1920.1663,689.69934,1230.4669,10811
311640,149,50,2.0,0.9,1,1.0,1,1028.6567,1948.2982,689.69934,1258.5989,10917
312809,150,50,2.0,0.9,1,1.0,1,779.39575,1660.4098,689.69934,970.71045,11041
313876,151,50,2.0,0.9,1,1.0,1,860.54266,2003.9607,689.69934,1314.2614,11145
314664,152,50,2.0,0.9,1,1.0,1,805.8134,1861.46,689.69934,1171.7606,11256
317268,153,50,2.0,0.5,1,0.0,2,2512.8691,3162.7979,392.19568,2770.602,11256
321981,154,50,2.0,0.5,1,0.0,2,5851.4424,6379.99,392.19568,5987.7944,11256
324017,155,50,2.0,0.5,2,0.0,1,2338.061,3327.3513,689.69934,2637.6519,11256
326854,156,50,2.0,0.5,1,0.0,2,3238.3774,4033.311,392.19568,3641.1152,11256
327892,157,50,2.0,0.5,1,1.0,1,814.25867,1646.387,689.69934,956.6876,11381
328607,158,50,2.0,0.5,1,1.0,1,848.3096,2096.2031,689.69934,1406.5038,11480
330761,159,50,2.0,0.5,1,0.0,2,2267.7056,2748.4927,392.19568,2356.2969,11480
332002,160,50,2.0,0.5,1,1.0,1,1090.0414,2178.6748,689.69934,1488.9755,11575
332706,161,50,2.0,0.5,1,1.0,1,753.35846,1719.3344,689.69934,1029.635,11695
334575,162,50,2.0,0.5,1,0.0,2,2282.3525,2767.0935,392.19568,2374.898,11695
336671,163,50,2.0,0.5,2,0.0,1,2270.9814,3348.0151,689.69934,2658.316,11695
337563,164,50,2.0,0.5,1,1.0,1,856.49677,1748.3381,689.69934,1058.6388,11814
338586,165,50,2.0,0.5,1,1.0,1,807.3256,1758.0432,689.69934,1068.3439,11931
339353,166,50,2.0,0.5,1,1.0,1,962.3335,1823.1783,689.69934,1133.479,12045
344465,167,50,2.0,0.5,1,0.0,2,6990.656,8284.363,392.19568,7892.1675,12045
346828,168,50,2.0,0.5,2,0.0,1,3992.5002,4960.7114,689.69934,4271.012,12045
348536,169,50,2.0,0.5,1,1.0,1,892.098,1906.0603,689.69934,1216.361,12154
349560,170,50,2.0,0.5,1,1.0,1,912.9644,2033.2283,689.69934,1343.5289,12255
351824,171,50,2.0,0.5,1,0.0,2,4384.69,5368.5845,392.19568,4976.3887,12255
352578,172,50,2.0,0.5,2,1.0,2,583.04474,1201.083,392.19568,808.8873,12353
354146,173,50,2.0,0.5,2,1.0,2,494.99213,1052.502,392.19568,660.3063,12465
354991,174,50,2.0,0.5,2,1.0,2,539.2515,1131.5283,392.19568,739.33264,12569
356085,175,50,2.0,0.5,2,1.0,2,535.7456,1241.5188,392.19568,849.3231,12664
358157,176,50,2.0,0.5,2,1.0,2,675.30237,1198.0303,392.19568,805.8346,12762
358926,177,50,2.0,0.5,2,1.0,2,493.55493,1325.165,392.19568,932.96936,12851
360021,178,50,2.0,0.5,2,1.0,2,670.2491,1345.8995,392.19568,953.70386,12938
361678,179,50,2.0,0.5,2,1.0,2,1878.3054,2689.8232,392.19568,2297.6274,12982
362567,180,50,2.0,0.5,2,1.0,2,666.3689,1485.4456,392.19568,1093.2499,13061
363221,181,50,2.0,0.5,2,1.0,2,454.13242,1086.2352,392.19568,694.03955,13169
364014,182,50,2.0,0.5,2,1.0,2,601.6939,1280.0625,392.19568,887.8668,13261
365686,183,50,2.0,0.5,2,1.0,2,629.35297,1232.2556,392.19568,840.05994,13357
366511,184,50,2.0,0.5,2,1.0,2,554.50415,1518.1846,392.19568,1125.9889,13434
373849,185,50,2.0,0.5,2,0.0,1,5032.7344,6429.893,689.69934,5740.194,13434
381491,186,50,2.0,0.5,1,0.0,2,2276.1038,2947.9292,392.19568,2555.7334,13434
382361,187,50,2.0,0.5,2,1.0,2,604.22943,1313.672,392.19568,921.4763,13524
384531,188,50,2.0,0.5,2,0.0,1,3877.0896,5403.4585,689.69934,4713.7593,13524
387239,189,50,2.0,0.5,2,0.0,1,2413.493,3250.5298,689.69934,2560.8306,13524
389221,190,50,2.0,0.5,1,0.0,2,2539.8804,3225.3625,392.19568,2833.167,13524
390134,191,50,2.0,0.5,2,1.0,2,686.97833,1241.0344,392.19568,848.83875,13619
392454,192,50,2.0,0.5,2,0.0,1,2472.2769,3282.061,689.69934,2592.3618,13619
394806,193,50,2.0,0.5,1,0.0,2,2486.334,3025.1284,392.19568,2632.9326,13619
395668,194,50,2.0,0.5,2,1.0,2,520.2468,1421.5508,392.19568,1029.3551,13701
398198,195,50,2.0,0.5,2,0.0,1,1706.9188,3002.9502,689.69934,2313.251,13701
401209,196,50,2.0,0.5,1,1.0,1,956.4863,2044.2876,689.69934,1354.5883,13803
404104,197,50,2.0,0.5,1,0.0,2,2616.857,3154.526,392.19568,2762.33,13803
406891,198,50,2.0,0.5,2,0.0,1,1607.2286,2542.495,689.69934,1852.7958,13803
408662,199,50,2.0,0.5,1,0.0,2,2657.3955,3632.2651,392.19568,3240.0693,13803
410267,200,50,2.0,0.5,1,1.0,1,924.50146,1884.1831,689.69934,1194.4838,13913
413353,201,50,2.0,0.5,2,0.0,1,2563.9646,3655.0293,689.69934,2965.33,13913
415822,202,50,2.0,0.5,2,0.0,1,1614.7705,2387.9375,689.69934,1698.2382,13913
417554,203,50,2.0,0.5,1,1.0,1,1248.5117,2072.7285,689.69934,1383.0292,14012
420531,204,50,2.0,0.25,1,0.0,2,4139.503,4784.009,392.19568,4391.813,14012
421440,205,50,2.0,0.25,2,1.0,2,509.68344,1322.1523,392.19568,929.95667,14101
421950,206,50,2.0,0.25,2,1.0,2,1253.7328,1752.3169,392.19568,1360.1212,14168
422598,207,50,2.0,0.25,2,1.0,2,819.3947,1429.2239,392.19568,1037.0282,14251
423180,208,50,2.0,0.25,2,1.0,2,886.4086,1396.4037,392.19568,1004.208,14335
425136,209,50,2.0,0.25,2,1.0,2,2589.9219,3536.9636,392.19568,3144.768,14368
426078,210,50,2.0,0.25,2,1.0,2,487.47305,1736.9708,392.19568,1344.7751,14436
427248,211,50,2.0,0.25,2,1.0,2,538.062,1317.4116,392.19568,925.21594,14525
428481,212,50,2.0,0.25,2,1.0,2,682.2116,2712.608,392.19568,2320.412,14569
429458,213,50,2.0,0.25,2,1.0,2,718.0669,1626.9856,392.19568,1234.7899,14641
430205,214,50,2.0,0.25,2,1.0,2,611.03613,1174.1384,392.19568,781.94275,14741
431520,215,50,2.0,0.25,2,1.0,2,1304.5242,2286.3176,392.19568,1894.122,14793
433586,216,50,2.0,0.25,2,1.0,2,1992.8245,2613.4766,392.19568,2221.2808,14838
436467,217,50,2.0,0.25,2,0.0,1,2188.6506,3193.0083,689.69934,2503.309,14838
447033,218,50,2.0,0.25,2,0.0,1,2175.9756,3068.6597,689.69934,2378.9604,14838
450390,219,50,2.0,0.25,2,1.0,2,540.15076,1064.3585,392.19568,672.16284,14948
451369,220,50,2.0,0.25,2,1.0,2,796.5985,1872.9175,392.19568,1480.7218,15011
453159,221,50,2.0,0.25,2,1.0,2,514.37427,1256.9001,392.19568,864.70447,15105
453890,222,50,2.0,0.25,2,1.0,2,1124.9406,1620.5725,392.19568,1228.3768,15177
455007,223,50,2.0,0.25,2,1.0,2,538.4572,1173.6646,392.19568,781.4689,15278
455923,224,50,2.0,0.25,2,1.0,2,546.0453,1288.041,392.19568,895.84534,15369
456647,225,50,2.0,0.25,2,1.0,2,662.16187,1550.584,392.19568,1158.3883,15445
457824,226,50,2.0,0.25,2,1.0,2,1161.8842,1877.6577,392.19568,1485.462,15507
458549,227,50,2.0,0.25,2,1.0,2,542.9108,1177.5784,392.19568,785.3827,15607
461151,228,50,2.0,0.25,2,0.0,1,2703.664,3581.6804,689.69934,2891.981,15607
464490,229,50,2.0,0.25,1,0.0,2,1774.1504,4727.4453,392.19568,4335.2495,15607
465668,230,50,2.0,0.25,2,1.0,2,768.69116,1410.8743,392.19568,1018.6786,15691
468280,231,50,2.0,0.25,2,0.0,1,3341.0598,4364.712,689.69934,3675.0127,15691
469285,232,50,2.0,0.25,2,1.0,2,613.5236,1239.656,392.19568,847.4603,15786
470188,233,50,2.0,0.25,2,1.0,2,689.3893,1540.959,392.19568,1148.7633,15862
473252,234,50,2.0,0.25,2,1.0,2,2528.0376,3464.814,392.19568,3072.6182,15896
477821,235,50,2.0,0.25,1,0.0,2,3941.3115,4482.3994,392.19568,4090.2036,15896
478672,236,50,2.0,0.25,2,1.0,2,613.37775,1438.987,392.19568,1046.7914,15978
479745,237,50,2.0,0.25,2,1.0,2,590.7334,1303.2236,392.19568,911.02795,16068
480665,238,50,2.0,0.25,2,1.0,2,753.7244,1507.7246,392.19568,1115.5289,16146
481477,239,50,2.0,0.25,2,1.0,2,616.01373,1213.4221,392.19568,821.22644,16243
483719,240,50,2.0,0.25,2,0.0,1,2179.7644,3401.3447,689.69934,2711.6455,16243
484815,241,50,2.0,0.25,2,1.0,2,485.55096,1341.9016,392.19568,949.70593,16331
485875,242,50,2.0,0.25,2,1.0,2,684.5502,1448.0049,392.19568,1055.8092,16412
486541,243,50,2.0,0.25,2,1.0,2,480.6359,1515.6792,392.19568,1123.4835,16490
487194,244,50,2.0,0.25,2,1.0,2,604.7219,1416.3201,392.19568,1024.1244,16573
487908,245,50,2.0,0.25,2,1.0,2,662.0602,1266.5978,392.19568,874.4021,16666
488690,246,50,2.0,0.25,2,1.0,2,538.36365,1178.4734,392.19568,786.2777,16765
489791,247,50,2.0,0.25,2,1.0,2,431.8431,1493.8306,392.19568,1101.6349,16844
490484,248,50,2.0,0.25,2,1.0,2,617.16174,1299.3553,392.19568,907.15967,16935
493214,249,50,2.0,0.25,2,0.0,1,2164.6572,2991.1003,689.69934,2301.401,16935
494283,250,50,2.0,0.25,1,1.0,1,771.0969,1634.8167,689.69934,945.1173,17061
496498,251,50,1.0,0.25,2,1.0,2,2388.076,3714.2734,392.19568,3322.0776,17093
497188,252,50,1.0,0.25,2,1.0,2,900.8923,1867.4602,392.19568,1475.2645,17156
497873,253,50,1.0,0.25,2,1.0,2,989.2099,1528.1748,392.19568,1135.9791,17233
500939,254,50,1.0,0.25,2,0.0,1,4324.6655,4971.979,392.19568,4579.783,17233
501851,255,50,1.0,0.5,1,1.0,1,711.3311,1558.4592,392.19568,1166.2635,17308
504095,256,50,1.0,0.5,1,0.0,2,3568.1108,4100.857,392.19568,3708.6611,17308
504906,257,50,1.0,0.5,2,1.0,2,708.56885,1215.8413,392.19568,823.6456,17405
507456,258,50,1.0,0.5,2,0.0,1,2008.3116,2785.4634,392.19568,2393.2676,17405
508557,259,50,1.0,0.5,1,1.0,1,949.60583,1478.6838,392.19568,1086.4882,17485
509442,260,50,1.0,0.5,1,1.0,1,825.777,1364.4633,392.19568,972.2676,17571
511561,261,50,1.0,0.5,1,0.0,2,1612.6825,2166.4883,392.19568,1774.2926,17571
512414,262,50,1.0,0.5,2,1.0,2,600.26013,1327.0902,392.19568,934.89453,17660
514201,263,50,1.0,0.5,2,0.0,1,1652.4661,2432.005,392.19568,2039.8092,17660
517606,264,50,1.0,0.5,1,0.0,2,2304.7773,2765.7798,392.19568,2373.584,17660
518329,265,50,1.0,0.5,2,1.0,2,562.3719,1125.1787,392.19568,732.98303,17764
520104,266,50,1.0,0.5,2,0.0,1,1674.5433,2474.833,392.19568,2082.6372,17764
523782,267,50,1.0,0.5,1,0.0,2,4019.8445,4760.1333,392.19568,4367.9375,17764
525011,268,50,1.0,0.5,1,1.0,1,616.3797,1160.7648,392.19568,768.5691,17866
528278,269,50,1.0,0.5,1,0.0,2,3645.8843,4481.644,392.19568,4089.4482,17866
530487,270,50,1.0,0.5,2,1.0,2,1806.5522,2474.3918,392.19568,2082.1963,17913
531179,271,50,1.0,0.5,2,1.0,2,727.9923,1259.9467,392.19568,867.751,18007
533127,272,50,1.0,0.5,2,0.0,1,1835.3512,2991.5137,392.19568,2599.3179,18007
534732,273,50,1.0,0.5,2,0.0,1,2192.6265,2787.8901,392.19568,2395.6943,18007
535773,274,50,1.0,0.5,1,1.0,1,626.76917,1341.1497,392.19568,948.954,18094
536422,275,50,1.0,0.5,1,1.0,1,513.3816,1127.5562,392.19568,735.3605,18199
537227,276,50,1.0,0.5,1,1.0,1,717.6707,1307.949,392.19568,915.7533,18289
539310,277,50,1.0,0.5,1,0.0,2,1857.5004,2781.6792,392.19568,2389.4834,18289
541432,278,50,1.0,0.5,2,0.0,1,3364.421,4177.1807,392.19568,3784.9849,18289
546889,279,50,1.0,0.5,1,0.0,2,6025.796,7152.3076,392.19568,6760.112,18289
547593,280,50,1.0,0.5,2,1.0,2,615.2713,1163.513,392.19568,771.31726,18390
550110,281,50,1.0,0.5,2,0.0,1,1548.9906,2218.0977,392.19568,1825.902,18390
552730,282,50,1.0,0.5,1,0.0,2,2564.838,3131.4216,392.19568,2739.226,18390
555889,283,50,1.0,0.5,2,0.0,1,3127.624,4142.201,392.19568,3750.0054,18390
556732,284,50,1.0,0.5,1,1.0,1,527.9795,1265.7845,392.19568,873.58887,18483
559120,285,50,1.0,0.5,1,0.0,2,1789.6222,2462.2158,392.19568,2070.02,18483
562106,286,50,1.0,0.5,2,0.0,1,3446.225,4012.284,392.19568,3620.0884,18483
564577,287,50,1.0,0.5,1,0.0,2,1924.0709,2647.2283,392.19568,2255.0327,18483
565523,288,50,1.0,0.5,2,1.0,2,682.8962,1427.7014,392.19568,1035.5057,18565
566247,289,50,1.0,0.5,2,1.0,2,613.4382,1237.7944,392.19568,845.59875,18660
566811,290,50,1.0,0.5,2,1.0,2,579.2432,1098.1825,392.19568,705.9868,18767
568970,291,50,1.0,0.5,2,0.0,1,2180.7139,3141.3486,392.19568,2749.1528,18767
570483,292,50,1.0,0.5,2,1.0,2,639.2866,2829.1494,392.19568,2436.9536,18809
571439,293,50,1.0,0.5,2,1.0,2,544.26746,1118.5757,392.19568,726.38,18914
573209,294,50,1.0,0.5,2,1.0,2,1334.779,2307.8123,392.19568,1915.6166,18965
573952,295,50,1.0,0.5,2,1.0,2,552.90436,1068.4232,392.19568,676.22754,19075
574519,296,50,1.0,0.5,2,1.0,2,676.58026,1254.8921,392.19568,862.6964,19169
576139,297,50,1.0,0.5,2,1.0,2,497.33527,2395.7505,392.19568,2003.5548,19218
578822,298,50,1.0,0.5,2,0.0,1,1777.5417,2355.6074,392.19568,1963.4117,19218
579612,299,50,1.0,0.5,2,1.0,2,554.83636,1278.8662,392.19568,886.67053,19310
581089,300,50,1.0,0.5,2,1.0,2,1649.2301,2553.9893,392.19568,2161.7935,19356
584326,301,50,1.0,0.5,2,0.0,1,1413.5084,2051.7485,392.19568,1659.5529,19356
588926,302,50,1.0,0.5,1,1.0,1,1032.9683,1966.2644,392.19568,1574.0687,19416
589511,303,50,1.0,0.5,1,1.0,1,587.1511,1339.3925,392.19568,947.1968,19504
590559,304,50,1.0,0.5,1,1.0,1,687.8679,1248.3251,392.19568,856.1294,19598
594055,305,50,1.0,0.5,1,0.0,2,5108.62,5887.906,392.19568,5495.71,19598
595538,306,50,1.0,0.75,1,1.0,1,775.9155,1942.6904,392.19568,1550.4948,19659
597243,307,50,1.0,0.75,1,0.0,2,1623.2787,2357.0242,392.19568,1964.8285,19659
598572,308,50,1.0,0.75,2,1.0,2,426.34586,2192.9226,392.19568,1800.7269,19712
599815,309,50,1.0,0.75,2,0.0,1,1675.4934,2441.471,392.19568,2049.2754,19712
600995,310,50,1.0,0.75,2,1.0,2,557.1451,1228.7966,392.19568,836.60095,19808
601616,311,50,1.0,0.75,2,1.0,2,560.0437,1321.5626,392.19568,929.36694,19897
602943,312,50,1.0,0.75,2,0.0,1,1885.1678,2408.1533,392.19568,2015.9576,19897
604405,313,50,1.0,0.75,1,1.0,1,2046.043,2821.8794,392.19568,2429.6836,19939
606959,314,50,1.0,0.75,1,0.0,2,3407.7249,3936.8735,392.19568,3544.6777,19939
609027,315,50,1.0,0.75,2,0.0,1,1975.3435,2539.1833,392.19568,2146.9878,19939
611551,316,50,1.0,0.75,2,0.0,1,2103.3752,2665.627,392.19568,2273.4312,19939
613293,317,50,1.0,0.75,2,0.0,1,1995.8293,2627.9167,392.19568,2235.7212,19939
615902,318,50,1.0,0.75,1,0.0,2,4229.926,4683.5854,392.19568,4291.3896,19939
617446,319,50,1.0,0.75,2,0.0,1,1785.878,2558.8804,392.19568,2166.6846,19939
618382,320,50,1.0,0.75,1,1.0,1,472.9262,1139.8496,392.19568,747.65393,20042
619703,321,50,1.0,0.75,1,1.0,1,842.6395,1449.1884,392.19568,1056.9927,20123
623563,322,50,1.0,0.75,1,1.0,1,574.13196,1297.5895,392.19568,905.3938,20214
627499,323,50,1.0,0.75,2,0.0,1,3142.6533,3786.4607,392.19568,3394.2651,20214
628311,324,50,1.0,0.75,1,1.0,1,733.8137,1241.0378,392.19568,848.84216,20309
629215,325,50,1.0,0.75,1,1.0,1,662.36993,1745.9973,392.19568,1353.8016,20376
631795,326,50,1.0,0.75,1,0.0,2,3192.4172,4008.4146,392.19568,3616.2188,20376
634262,327,50,1.0,0.75,1,0.0,2,2173.48,3850.102,392.19568,3457.9062,20376
635372,328,50,1.0,0.75,1,1.0,1,923.2892,1490.7922,392.19568,1098.5966,20455
636182,329,50,1.0,0.75,1,1.0,1,546.2296,1340.3872,392.19568,948.1915,20543
638256,330,50,1.0,0.75,1,0.0,2,2731.636,3306.8567,392.19568,2914.6611,20543
640483,331,50,1.0,0.75,2,0.0,1,3148.6523,3756.8135,392.19568,3364.6177,20543
641297,332,50,1.0,0.75,1,1.0,1,578.36816,1391.8464,392.19568,999.65076,20627
642510,333,50,1.0,0.75,1,1.0,1,824.6078,1807.7102,392.19568,1415.5145,20692
643370,334,50,1.0,0.75,1,1.0,1,489.66403,1135.331,392.19568,743.1354,20796
645082,335,50,1.0,0.75,1,1.0,1,477.97827,1309.4177,392.19568,917.22205,20886
649525,336,50,1.0,0.75,1,0.0,2,1344.9203,1853.4465,392.19568,1461.2509,20886
651027,337,50,1.0,0.75,2,0.0,1,1540.0391,2468.3784,392.19568,2076.1826,20886
651929,338,50,1.0,0.75,1,1.0,1,588.21655,1174.8855,392.19568,782.6898,20986
652732,339,50,1.0,0.75,1,1.0,1,568.4471,1167.9932,392.19568,775.7975,21087
653693,340,50,1.0,0.75,1,1.0,1,614.5238,1582.104,392.19568,1189.9083,21161
654504,341,50,1.0,0.75,1,1.0,1,1258.7963,1777.3695,392.19568,1385.1738,21227
655256,342,50,1.0,0.75,1,1.0,1,490.77426,1067.1497,392.19568,674.954,21338
657492,343,50,1.0,0.75,1,0.0,2,3199.5679,3822.8083,392.19568,3430.6128,21338
658795,344,50,1.0,0.75,1,0.0,2,1753.9563,2222.5417,392.19568,1830.3461,21338
660344,345,50,1.0,0.75,2,0.0,1,1508.8451,2475.1929,392.19568,2082.997,21338
661695,346,50,1.0,0.75,1,1.0,1,507.09186,1439.8695,392.19568,1047.6738,21419
662822,347,50,1.0,0.75,1,1.0,1,424.38336,1613.5146,392.19568,1221.319,21492
663920,348,50,1.0,0.75,1,1.0,1,1221.5355,1823.5654,392.19568,1431.3698,21557
665526,349,50,1.0,0.75,1,0.0,2,1912.0118,2813.4395,392.19568,2421.2437,21557
666129,350,50,1.0,0.75,1,1.0,1,608.7311,1487.1737,392.19568,1094.978,21636
668497,351,50,1.0,0.75,1,1.0,1,683.2584,3101.3945,392.19568,2709.1987,21674
670053,352,50,1.0,0.75,1,0.0,2,2133.4065,3387.9688,392.19568,2995.773,21674
671376,353,50,1.0,0.75,1,1.0,1,682.8515,1285.0674,392.19568,892.8717,21765
672057,354,50,1.0,0.75,1,1.0,1,606.0498,1269.6161,392.19568,877.4204,21858
675051,355,50,1.0,0.75,1,0.0,2,3748.5364,4277.324,392.19568,3885.1284,21858
677957,356,50,1.0,0.75,2,0.0,1,2189.6165,2849.3682,392.19568,2457.1724,21858
681740,357,50,1.0,0.25,1,0.0,2,2361.2507,3479.7488,392.19568,3087.5532,21858
682893,358,50,1.0,0.25,2,1.0,2,536.98395,1552.346,392.19568,1160.1503,21934
683506,359,50,1.0,0.25,2,1.0,2,1631.5385,2235.766,392.19568,1843.5704,21986
684096,360,50,1.0,0.25,2,1.0,2,726.4004,1356.071,392.19568,963.87537,22073
685603,361,50,1.0,0.25,2,1.0,2,710.0869,3099.4644,392.19568,2707.2686,22111
686360,362,50,1.0,0.25,2,1.0,2,567.0673,1233.2338,392.19568,841.0381,22207
687440,363,50,1.0,0.25,2,1.0,2,699.51105,1914.051,392.19568,1521.8553,22268
689314,364,50,1.0,0.25,2,1.0,2,568.3144,1123.3607,392.19568,731.16504,22373
690042,365,50,1.0,0.25,2,1.0,2,638.7119,1316.4492,392.19568,924.25354,22462
691010,366,50,1.0,0.25,2,1.0,2,624.7508,1351.5573,392.19568,959.3616,22549
691847,367,50,1.0,0.25,2,1.0,2,997.1401,1520.3563,392.19568,1128.1606,22627
692581,368,50,1.0,0.25,2,1.0,2,510.40982,1149.7245,392.19568,757.5288,22729
693278,369,50,1.0,0.25,2,1.0,2,631.48914,1234.2668,392.19568,842.07117,22824
694921,370,50,1.0,0.25,2,1.0,2,1555.1675,2099.85,392.19568,1707.6544,22880
695790,371,50,1.0,0.25,2,1.0,2,676.7141,1426.7212,392.19568,1034.5255,22963
697595,372,50,1.0,0.25,2,1.0,2,705.9954,1268.1554,392.19568,875.9597,23056
698669,373,50,1.0,0.25,2,1.0,2,468.94693,1042.0292,392.19568,649.8335,23168
701840,374,50,1.0,0.25,2,0.0,1,2616.164,3550.4807,392.19568,3158.2852,23168
702847,375,50,1.0,0.25,2,1.0,2,540.2449,1100.3678,392.19568,708.1721,23275
704438,376,50,1.0,0.25,2,1.0,2,576.47107,1106.5298,392.19568,714.3341,23382
705259,377,50,1.0,0.25,2,1.0,2,518.85425,1041.6122,392.19568,649.4165,23495
706020,378,50,1.0,0.25,2,1.0,2,539.5596,1186.4707,392.19568,794.275,23594
707882,379,50,1.0,0.25,2,1.0,2,2222.344,3436.0356,392.19568,3043.8398,23628
708553,380,50,1.0,0.25,2,1.0,2,739.64,1797.8063,392.19568,1405.6106,23693
709132,381,50,1.0,0.25,2,1.0,2,577.86633,1507.9971,392.19568,1115.8014,23772
710921,382,50,1.0,0.25,2,0.0,1,3250.654,4225.8965,392.19568,3833.7007,23772
711590,383,50,1.0,0.25,2,1.0,2,598.26495,1216.2146,392.19568,824.0189,23868
713226,384,50,1.0,0.25,2,1.0,2,1660.2528,2214.2275,392.19568,1822.0319,23921
715485,385,50,1.0,0.25,2,0.0,1,1839.1915,3525.4976,392.19568,3133.3018,23921
717660,386,50,1.0,0.25,2,0.0,1,3028.9932,4011.676,392.19568,3619.4805,23921
719700,387,50,1.0,0.25,2,1.0,2,565.94305,1195.3904,392.19568,803.1947,24020
720361,388,50,1.0,0.25,2,1.0,2,496.78583,1239.3383,392.19568,847.1426,24115
722281,389,50,1.0,0.25,2,1.0,2,1668.0302,2393.7134,392.19568,2001.5177,24164
723074,390,50,1.0,0.25,2,1.0,2,599.1452,1444.6458,392.19568,1052.4501,24245
724914,391,50,1.0,0.25,2,1.0,2,693.0879,1314.4666,392.19568,922.2709,24335
727223,392,50,1.0,0.25,2,0.0,1,1990.4559,2592.025,392.19568,2199.829,24335
728325,393,50,1.0,0.25,2,1.0,2,523.27466,1547.7565,392.19568,1155.5608,24411
729398,394,50,1.0,0.25,2,1.0,2,465.18402,1034.6279,392.19568,642.43225,24525
730190,395,50,1.0,0.25,2,1.0,2,690.93866,1323.0978,392.19568,930.9021,24614
732974,396,50,1.0,0.25,2,0.0,1,1879.632,2391.234,392.19568,1999.0382,24614
735015,397,50,1.0,0.25,1,0.0,2,1869.1665,2456.901,392.19568,2064.705,24614
736011,398,50,1.0,0.25,2,1.0,2,476.47015,1041.9164,392.19568,649.7207,24726
738690,399,50,1.0,0.25,2,0.0,1,1713.0973,2877.4868,392.19568,2485.291,24726
739842,400,50,1.0,0.25,2,1.0,2,464.1941,1010.7657,392.19568,618.57,24843
741461,401,50,1.0,0.25,2,1.0,2,617.76904,1139.479,392.19568,747.2833,24946
743046,402,50,1.0,0.25,2,1.0,2,651.89923,1225.3846,392.19568,833.18896,25042
744016,403,50,1.0,0.25,2,1.0,2,886.803,1415.1887,392.19568,1022.99304,25125
744890,404,50,1.0,0.25,2,1.0,2,673.04285,1316.1619,392.19568,923.9662,25215
745494,405,50,1.0,0.25,2,1.0,2,523.1832,1294.3984,392.19568,902.20276,25306
746166,406,50,1.0,0.25,2,1.0,2,638.5529,1219.8577,392.19568,827.662,25402
748417,407,50,1.0,0.25,2,0.0,1,3110.0117,4249.6333,392.19568,3857.4375,25402
750468,408,50,1.0,0.9,2,0.0,1,3142.871,3927.0063,392.19568,3534.8105,25402
753151,409,50,1.0,0.9,2,0.0,1,2248.2446,4475.665,392.19568,4083.4692,25402
754939,410,50,1.0,0.9,1,0.0,2,2036.857,3020.9753,392.19568,2628.7798,25402
757041,411,50,1.0,0.9,2,0.0,1,2519.194,3695.9946,392.19568,3303.7988,25402
759144,412,50,1.0,0.9,1,0.0,2,1521.9412,2254.6282,392.19568,1862.4325,25402
762024,413,50,1.0,0.9,1,1.0,1,2174.3972,3416.8594,392.19568,3024.6636,25436
764325,414,50,1.0,0.9,2,0.0,1,2328.6936,2999.3936,392.19568,2607.1978,25436
765908,415,50,1.0,0.9,1,1.0,1,1288.2662,1762.1523,392.19568,1369.9567,25503
766982,416,50,1.0,0.9,1,1.0,1,457.27298,1196.4578,392.19568,804.2621,25602
767776,417,50,1.0,0.9,1,1.0,1,625.16956,1329.8251,392.19568,937.6294,25690
768528,418,50,1.0,0.9,1,1.0,1,603.49036,1490.987,392.19568,1098.7914,25769
769393,419,50,1.0,0.9,1,1.0,1,540.1422,1239.0088,392.19568,846.8131,25864
770251,420,50,1.0,0.9,1,1.0,1,554.48596,1137.3057,392.19568,745.11,25967
770945,421,50,1.0,0.9,1,1.0,1,498.46436,1173.6335,392.19568,781.43787,26068
771709,422,50,1.0,0.9,1,1.0,1,560.3957,1117.9335,392.19568,725.7378,26173
772946,423,50,1.0,0.9,1,1.0,1,678.80194,1407.0532,392.19568,1014.85754,26256
773586,424,50,1.0,0.9,1,1.0,1,792.88916,1329.1771,392.19568,936.98145,26345
776345,425,50,1.0,0.9,1,1.0,1,3190.9478,4229.02,392.19568,3836.8242,26373
777570,426,50,1.0,0.9,1,1.0,1,691.3208,1478.0358,392.19568,1085.8401,26452
778352,427,50,1.0,0.9,1,1.0,1,442.92642,1244.7123,392.19568,852.5166,26547
779225,428,50,1.0,0.9,1,1.0,1,608.1877,1233.4482,392.19568,841.25256,26642
779941,429,50,1.0,0.9,1,1.0,1,636.72064,1224.9353,392.19568,832.7396,26738
781018,430,50,1.0,0.9,1,1.0,1,556.5903,1485.9542,392.19568,1093.7585,26818
781805,431,50,1.0,0.9,1,1.0,1,519.7505,1355.227,392.19568,963.0314,26904
782608,432,50,1.0,0.9,1,1.0,1,683.853,1521.7778,392.19568,1129.5822,26982
783317,433,50,1.0,0.9,1,1.0,1,620.5441,1169.5181,392.19568,777.3224,27082
784393,434,50,1.0,0.9,1,1.0,1,632.6622,1104.0413,392.19568,711.8456,27189
787035,435,50,1.0,0.9,1,0.0,2,3065.0466,3800.521,392.19568,3408.3252,27189
788593,436,50,1.0,0.9,2,0.0,1,1946.011,2974.916,392.19568,2582.7202,27189
791240,437,50,1.0,0.9,1,0.0,2,3864.105,5067.7153,392.19568,4675.5195,27189
791730,438,50,1.0,0.9,1,1.0,1,458.66232,1259.7913,392.19568,867.5956,27282
793613,439,50,1.0,0.9,1,1.0,1,831.39276,3014.4158,392.19568,2622.2202,27321
794164,440,50,1.0,0.9,1,1.0,1,1183.5249,1690.5826,392.19568,1298.387,27391
795347,441,50,1.0,0.9,1,1.0,1,2050.896,2598.6755,392.19568,2206.48,27436
795950,442,50,1.0,0.9,1,1.0,1,1184.9222,1650.2526,392.19568,1258.0569,27507
796750,443,50,1.0,0.9,1,1.0,1,649.56555,1429.072,392.19568,1036.8763,27590
797650,444,50,1.0,0.9,1,1.0,1,554.0494,1482.5271,392.19568,1090.3314,27669
798574,445,50,1.0,0.9,1,1.0,1,531.8098,1517.9792,392.19568,1125.7836,27747
799503,446,50,1.0,0.9,1,1.0,1,482.12296,1183.3276,392.19568,791.13196,27846
800629,447,50,1.0,0.9,1,1.0,1,524.9976,1179.2827,392.19568,787.08704,27946
802062,448,50,1.0,0.9,1,1.0,1,508.12607,1038.2008,392.19568,646.0051,28059
803143,449,50,1.0,0.9,1,1.0,1,515.5488,1148.1448,392.19568,755.9491,28162
804152,450,50,1.0,0.9,1,1.0,1,666.4261,1331.2267,392.19568,939.031,28250
806568,451,50,1.0,0.9,1,0.0,2,2303.1638,2971.4866,392.19568,2579.291,28250
808249,452,50,1.0,0.9,2,0.0,1,1752.4717,2746.623,392.19568,2354.4272,28250
809177,453,50,1.0,0.9,1,1.0,1,676.65533,1269.5073,392.19568,877.31165,28343
810235,454,50,1.0,0.9,1,1.0,1,595.5769,1463.0688,392.19568,1070.8732,28423
810894,455,50,1.0,0.9,1,1.0,1,530.8774,1235.0203,392.19568,842.8246,28518
811541,456,50,1.0,0.9,1,1.0,1,578.6251,1485.7219,392.19568,1093.5262,28598
812216,457,50,1.0,0.9,1,1.0,1,443.96503,1024.8252,392.19568,632.6295,28712
812872,458,50,1.0,0.9,1,1.0,1,527.02563,1137.3984,392.19568,745.20276,28816
814688,459,50,1.0,0.1,1,0.0,2,2076.2993,3310.3804,392.19568,2918.1846,28816
816231,460,50,1.0,0.1,2,0.0,1,1763.1641,2774.434,392.19568,2382.2383,28816
817782,461,50,1.0,0.1,1,0.0,2,1835.5049,2971.9607,392.19568,2579.7651,28816
819247,462,50,1.0,0.1,1,0.0,2,2069.774,2773.048,392.19568,2380.8525,28816
821053,463,50,1.0,0.1,1,0.0,2,2027.3185,2750.172,392.19568,2357.9766,28816
822393,464,50,1.0,0.1,2,1.0,2,861.4132,1515.4097,392.19568,1123.214,28894
823286,465,50,1.0,0.1,2,1.0,2,837.4829,1362.0244,392.19568,969.82874,28980
824499,466,50,1.0,0.1,2,1.0,2,557.5563,1267.9579,392.19568,875.7622,29073
825330,467,50,1.0,0.1,2,1.0,2,552.2429,1220.3934,392.19568,828.19775,29169
826495,468,50,1.0,0.1,2,1.0,2,512.53015,1087.4299,392.19568,695.23425,29277
827848,469,50,1.0,0.1,2,1.0,2,737.1446,1332.0409,392.19568,939.8452,29366
829035,470,50,1.0,0.1,2,1.0,2,585.4932,2057.2583,392.19568,1665.0626,29423
829908,471,50,1.0,0.1,2,1.0,2,519.63403,1216.7095,392.19568,824.5138,29520
831139,472,50,1.0,0.1,2,1.0,2,761.47546,1807.6406,392.19568,1415.445,29585
832427,473,50,1.0,0.1,2,1.0,2,599.0381,1107.9836,392.19568,715.78796,29691
833817,474,50,1.0,0.1,2,1.0,2,640.28217,1169.3789,392.19568,777.1832,29791
835079,475,50,1.0,0.1,2,1.0,2,848.85016,1373.9259,392.19568,981.7302,29877
835843,476,50,1.0,0.1,2,1.0,2,463.22693,1056.8647,392.19568,664.66907,29988
836995,477,50,1.0,0.1,2,1.0,2,689.3085,1305.3867,392.19568,913.19104,30079
837863,478,50,1.0,0.1,2,1.0,2,663.7725,1318.6819,392.19568,926.4862,30168
839672,479,50,1.0,0.1,2,1.0,2,1671.7482,2379.3289,392.19568,1987.1332,30217
840747,480,50,1.0,0.1,2,1.0,2,692.10803,1870.0289,392.19568,1477.8333,30280
841622,481,50,1.0,0.1,2,1.0,2,726.4252,1273.8177,392.19568,881.6221,30373
842459,482,50,1.0,0.1,2,1.0,2,1116.2991,1630.3834,392.19568,1238.1877,30445
845306,483,50,1.0,0.1,2,1.0,2,1826.6768,3405.0,392.19568,3012.8042,30479
848200,484,50,1.0,0.1,2,1.0,2,2758.4583,3394.9182,392.19568,3002.7227,30514
849025,485,50,1.0,0.1,2,1.0,2,1026.7605,1557.0315,392.19568,1164.8358,30589
849736,486,50,1.0,0.1,2,1.0,2,596.8215,1193.324,392.19568,801.1283,30688
850488,487,50,1.0,0.1,2,1.0,2,591.5496,1215.5344,392.19568,823.33875,30785
851165,488,50,1.0,0.1,2,1.0,2,838.2512,1401.2345,392.19568,1009.0388,30869
852576,489,50,1.0,0.1,2,1.0,2,716.6418,1630.3872,392.19568,1238.1915,30941
853487,490,50,1.0,0.1,2,1.0,2,964.05566,1502.1487,392.19568,1109.953,31019
854511,491,50,1.0,0.1,2,1.0,2,1181.0651,1752.7947,392.19568,1360.599,31086
855268,492,50,1.0,0.1,2,1.0,2,629.5054,1574.482,392.19568,1182.2864,31161
856328,493,50,1.0,0.1,2,1.0,2,528.7291,2188.7075,392.19568,1796.5118,31215
857306,494,50,1.0,0.1,2,1.0,2,1182.4019,2288.4517,392.19568,1896.256,31266
857996,495,50,1.0,0.1,2,1.0,2,568.3024,1890.3025,392.19568,1498.1068,31329
858728,496,50,1.0,0.1,2,1.0,2,676.24646,1334.453,392.19568,942.2573,31417
859475,497,50,1.0,0.1,2,1.0,2,552.3201,1134.6912,392.19568,742.4955,31520
860302,498,50,1.0,0.1,2,1.0,2,565.50714,1204.0542,392.19568,811.8585,31618
860964,499,50,1.0,0.1,2,1.0,2,589.18463,1118.6423,392.19568,726.44666,31723
861956,500,50,1.0,0.1,2,1.0,2,634.33026,1341.0616,392.19568,948.86597,31811
