2016,7,12,10,16
timestamp, trialNum, blockWidth, position_number, LeftTriggerProbability, rightORwrong, Rewardposition, forageDistance, collectionDistance, totalDistance, optimalTotalDistance, Totaldifference, score
121911.0,1,50,1,0.9,1,1,552,600,1152,830,322,71
142932.0,2,50,1,0.9,1,1,442,532,975,830,145,157
146211.0,3,50,1,0.9,1,1,468,644,1113,830,283,231
148853.0,4,50,1,0.9,1,1,448,685,1133,830,303,304
153154.0,5,50,1,0.9,1,1,434,812,1247,830,417,371
157164.0,6,50,1,0.9,1,1,488,686,1174,830,344,442
160544.0,7,50,1,0.9,1,1,428,631,1060,830,230,520
166965.0,8,50,1,0.9,1,1,490,592,1082,830,252,596
169554.0,9,50,1,0.9,1,1,456,618,1074,830,244,674
171574.0,10,50,1,0.9,1,1,440,603,1044,830,214,753
173693.0,11,50,1,0.9,1,1,442,579,1022,830,192,834
176294.0,12,50,1,0.9,1,1,479,658,1138,830,308,907
178574.0,13,50,1,0.9,1,1,434,581,1016,830,186,989
181793.0,14,50,1,0.9,1,1,450,620,1070,830,240,1066
184175.0,15,50,1,0.9,1,1,456,599,1056,830,226,1145
187033.0,16,50,1,0.9,1,1,456,548,1005,830,175,1228
189593.0,17,50,1,0.9,1,1,468,581,1049,830,219,1307
193175.0,18,50,1,0.9,1,1,459,621,1080,830,250,1383
195176.0,19,50,1,0.9,1,1,441,630,1072,830,242,1461
196897.0,20,50,1,0.9,1,1,444,643,1087,830,257,1537
199226.0,21,50,1,0.9,1,1,447,610,1058,830,228,1616
201347.0,22,50,1,0.9,1,1,435,558,994,830,164,1699
203445.0,23,50,1,0.9,1,1,445,532,978,830,148,1784
206092.0,24,50,1,0.9,1,1,456,640,1097,830,267,1860
208231.0,25,50,1,0.9,1,1,450,653,1104,830,274,1935
210231.0,26,50,1,0.9,1,1,422,594,1017,830,187,2016
223175.0,27,50,1,0.9,0,2,2897,522,3420,830,2590,2016
229313.0,28,50,1,0.9,0,1,2013,716,2730,830,1900,2016
231735.0,29,50,1,0.9,1,1,475,564,1039,830,209,2096
233817.0,30,50,1,0.9,1,1,445,664,1110,830,280,2171
236575.0,31,50,1,0.9,1,1,472,703,1176,830,346,2242
238435.0,32,50,1,0.9,1,1,444,748,1193,830,363,2311
242596.0,33,50,1,0.9,0,2,1121,605,1726,830,896,2311
247918.0,34,50,1,0.9,0,1,1091,669,1760,830,930,2311
254298.0,35,50,1,0.9,0,2,1775,686,2461,830,1631,2311
262292.0,36,50,1,0.9,0,1,1729,813,2543,830,1713,2311
264371.0,37,50,1,0.9,1,1,442,575,1017,830,187,2393
266211.0,38,50,1,0.9,1,1,492,586,1078,830,248,2470
270112.0,39,50,1,0.9,1,1,480,651,1132,830,302,2543
272813.0,40,50,1,0.9,1,1,468,795,1263,830,433,2609
275354.0,41,50,1,0.9,1,1,465,559,1025,830,195,2689
276713.0,42,50,1,0.9,1,1,423,586,1010,830,180,2772
278974.0,43,50,1,0.9,1,1,446,712,1158,830,328,2843
280573.0,44,50,1,0.9,1,1,402,871,1274,830,444,2908
282634.0,45,50,1,0.9,1,1,446,625,1071,830,241,2986
285217.0,46,50,1,0.9,1,1,509,539,1048,830,218,3065
287535.0,47,50,1,0.9,1,1,445,630,1075,830,245,3142
292694.0,48,50,1,0.9,0,2,1071,521,1593,830,763,3142
296491.0,49,50,1,0.9,0,1,1206,710,1916,830,1086,3142
298874.0,50,50,1,0.9,1,1,436,678,1114,830,284,3217
309674.0,51,50,1,0.1,0,2,3188,994,4183,830,3353,3217
315636.0,52,50,1,0.1,0,2,1240,982,2223,830,1393,3217
318135.0,53,50,1,0.1,1,2,469,691,1160,830,330,3288
320175.0,54,50,1,0.1,1,2,450,637,1087,830,257,3364
322436.0,55,50,1,0.1,1,2,499,609,1108,830,278,3439
325296.0,56,50,1,0.1,1,2,438,844,1282,830,452,3504
327876.0,57,50,1,0.1,1,2,443,561,1004,830,174,3587
330358.0,58,50,1,0.1,1,2,460,529,989,830,159,3670
333478.0,59,50,1,0.1,1,2,459,569,1028,830,198,3751
335619.0,60,50,1,0.1,1,2,449,605,1055,830,225,3830
337740.0,61,50,1,0.1,1,2,468,539,1007,830,177,3912
339939.0,62,50,1,0.1,1,2,430,598,1028,830,198,3993
341858.0,63,50,1,0.1,1,2,451,538,989,830,159,4077
343600.0,64,50,1,0.1,1,2,431,657,1089,830,259,4153
345285.0,65,50,1,0.1,1,2,484,591,1076,830,246,4230
347286.0,66,50,1,0.1,1,2,429,540,969,830,139,4316
349248.0,67,50,1,0.1,1,2,440,508,949,830,119,4403
352226.0,68,50,1,0.1,1,2,474,557,1032,830,202,4483
354569.0,69,50,1,0.1,1,2,463,591,1055,830,225,4562
357128.0,70,50,1,0.1,1,2,444,582,1027,830,197,4643
359430.0,71,50,1,0.1,1,2,437,541,979,830,149,4728
361848.0,72,50,1,0.1,1,2,426,582,1008,830,178,4810
365288.0,73,50,1,0.1,0,1,1068,546,1615,830,785,4810
368730.0,74,50,1,0.1,0,2,1217,559,1777,830,947,4810
370689.0,75,50,1,0.1,1,2,458,543,1002,830,172,4893
372529.0,76,50,1,0.1,1,2,451,633,1085,830,255,4969
374448.0,77,50,1,0.1,1,2,441,644,1086,830,256,5046
376329.0,78,50,1,0.1,1,2,462,610,1073,830,243,5123
378349.0,79,50,1,0.1,1,2,441,695,1136,830,306,5196
381420.0,80,50,1,0.1,0,1,1111,658,1769,830,939,5196
384300.0,81,50,1,0.1,0,2,1151,583,1735,830,905,5196
393344.0,82,50,1,0.1,1,2,453,5486,5940,830,5110,5210
396981.0,83,50,1,0.1,0,2,1182,707,1890,830,1060,5210
399302.0,84,50,1,0.1,1,2,461,628,1090,830,260,5286
403225.0,85,50,1,0.1,1,2,459,569,1028,830,198,5367
405362.0,86,50,1,0.1,1,2,512,882,1394,830,564,5426
408925.0,87,50,1,0.1,1,2,436,653,1089,830,259,5502
412623.0,88,50,1,0.1,1,2,444,627,1072,830,242,5580
414684.0,89,50,1,0.1,1,2,460,635,1095,830,265,5655
416606.0,90,50,1,0.1,1,2,465,621,1087,830,257,5732
418745.0,91,50,1,0.1,1,2,495,571,1066,830,236,5810
422805.0,92,50,1,0.1,1,2,437,654,1092,830,262,5886
424924.0,93,50,1,0.1,1,2,428,604,1033,830,203,5966
427226.0,94,50,1,0.1,1,2,467,673,1140,830,310,6039
429685.0,95,50,1,0.1,1,2,444,635,1079,830,249,6116
431647.0,96,50,1,0.1,1,2,452,674,1126,830,296,6189
433487.0,97,50,1,0.1,1,2,466,741,1208,830,378,6258
435467.0,98,50,1,0.1,1,2,433,532,966,830,136,6344
440570.0,99,50,1,0.1,0,1,1689,674,2363,830,1533,6344
446067.0,100,50,1,0.1,0,2,1558,695,2254,830,1424,6344
448270.0,101,50,1,0.25,1,2,443,648,1092,830,262,6420
450270.0,102,50,1,0.25,1,2,464,637,1102,830,272,6495
452870.0,103,50,1,0.25,1,2,444,609,1053,830,223,6574
455271.0,104,50,1,0.25,1,2,436,811,1247,830,417,6640
459309.0,105,50,1,0.25,0,1,1372,868,2240,830,1410,6640
463250.0,106,50,1,0.25,0,2,1422,600,2023,830,1193,6640
465033.0,107,50,1,0.25,1,2,430,524,954,830,124,6727
469323.0,108,50,1,0.25,0,1,1084,636,1720,830,890,6727
472585.0,109,50,1,0.25,1,2,445,538,983,830,153,6812
474602.0,110,50,1,0.25,1,1,446,583,1029,830,199,6892
477903.0,111,50,1,0.25,1,2,491,586,1077,830,247,6969
480163.0,112,50,1,0.25,1,1,442,705,1148,830,318,7042
485103.0,113,50,1,0.25,0,2,1606,552,2158,830,1328,7042
487304.0,114,50,1,0.25,1,2,464,505,970,830,140,7127
490487.0,115,50,1,0.25,1,2,443,590,1033,830,203,7208
492665.0,116,50,1,0.25,1,2,502,544,1047,830,217,7287
494606.0,117,50,1,0.25,1,2,437,604,1041,830,211,7366
497927.0,118,50,1,0.25,0,1,1130,570,1700,830,870,7366
500967.0,119,50,1,0.25,0,2,1411,603,2014,830,1184,7366
503087.0,120,50,1,0.25,1,2,467,566,1033,830,203,7447
505170.0,121,50,1,0.25,1,2,451,598,1049,830,219,7526
509427.0,122,50,1,0.25,0,1,1124,942,2066,830,1236,7526
511387.0,123,50,1,0.25,1,1,458,612,1071,830,241,7603
513570.0,124,50,1,0.25,1,1,458,553,1012,830,182,7685
518109.0,125,50,1,0.25,0,2,1082,574,1656,830,826,7685
520589.0,126,50,1,0.25,1,2,488,587,1076,830,246,7762
522730.0,127,50,1,0.25,1,2,430,598,1029,830,199,7843
525590.0,128,50,1,0.25,1,2,483,593,1077,830,247,7920
528832.0,129,50,1,0.25,1,2,466,797,1263,830,433,7986
530991.0,130,50,1,0.25,1,2,424,669,1094,830,264,8062
533193.0,131,50,1,0.25,1,2,433,573,1006,830,176,8144
535172.0,132,50,1,0.25,1,2,453,658,1112,830,282,8219
536913.0,133,50,1,0.25,1,2,445,492,938,830,108,8307
539634.0,134,50,1,0.25,1,2,443,646,1089,830,259,8383
541875.0,135,50,1,0.25,1,2,440,593,1033,830,203,8464
544616.0,136,50,1,0.25,1,2,464,564,1028,830,198,8544
548395.0,137,50,1,0.25,0,1,1176,603,1779,830,949,8544
550618.0,138,50,1,0.25,1,1,467,577,1045,830,215,8624
554258.0,139,50,1,0.25,0,2,1178,578,1757,830,927,8624
557158.0,140,50,1,0.25,1,2,490,591,1081,830,251,8700
559402.0,141,50,1,0.25,1,2,452,571,1023,830,193,8781
561741.0,142,50,1,0.25,1,2,445,562,1007,830,177,8864
564081.0,143,50,1,0.25,1,2,431,579,1011,830,181,8946
565720.0,144,50,1,0.25,1,2,479,591,1071,830,241,9023
567563.0,145,50,1,0.25,1,2,469,551,1021,830,191,9105
571464.0,146,50,1,0.25,0,1,1342,706,2049,830,1219,9105
575044.0,147,50,1,0.25,0,1,1025,597,1622,830,792,9105
577921.0,148,50,1,0.25,1,2,444,705,1150,830,320,9177
580364.0,149,50,1,0.25,1,2,468,576,1045,830,215,9256
582262.0,150,50,1,0.25,1,2,457,557,1015,830,185,9338
585104.0,151,50,1,0.75,0,1,1097,629,1727,830,897,9338
589144.0,152,50,1,0.75,0,1,1030,544,1574,830,744,9338
591086.0,153,50,1,0.75,1,1,464,617,1081,830,251,9415
593223.0,154,50,1,0.75,1,1,468,559,1027,830,197,9495
595424.0,155,50,1,0.75,1,1,442,561,1003,830,173,9578
599424.0,156,50,1,0.75,0,2,1202,527,1729,830,899,9578
601727.0,157,50,1,0.75,1,2,461,600,1062,830,232,9656
603467.0,158,50,1,0.75,1,2,457,686,1144,830,314,9729
607626.0,159,50,1,0.75,0,1,1538,629,2168,830,1338,9729
610128.0,160,50,1,0.75,1,1,491,892,1384,830,554,9789
613128.0,161,50,1,0.75,1,1,450,630,1081,830,251,9865
617668.0,162,50,1,0.75,0,2,1561,566,2128,830,1298,9865
621250.0,163,50,1,0.75,0,1,1472,547,2019,830,1189,9865
623027.0,164,50,1,0.75,1,1,466,633,1100,830,270,9941
624970.0,165,50,1,0.75,1,1,429,645,1075,830,245,10018
627868.0,166,50,1,0.75,0,2,1044,636,1681,830,851,10018
630469.0,167,50,1,0.75,1,2,440,615,1056,830,226,10097
632688.0,168,50,1,0.75,1,2,449,551,1000,830,170,10180
636669.0,169,50,1,0.75,0,1,1158,691,1850,830,1020,10180
640891.0,170,50,1,0.75,0,2,1195,757,1953,830,1123,10180
644598.0,171,50,1,0.75,0,1,1173,798,1972,830,1142,10180
646602.0,172,50,1,0.75,1,1,435,558,993,830,163,10263
651339.0,173,50,1,0.75,0,2,1541,529,2071,830,1241,10263
654601.0,174,50,1,0.75,0,1,1079,682,1762,830,932,10263
660203.0,175,50,1,0.75,0,2,1731,532,2263,830,1433,10263
663183.0,176,50,1,0.75,0,1,1096,636,1733,830,903,10263
664721.0,177,50,1,0.75,1,1,435,579,1014,830,184,10345
666322.0,178,50,1,0.75,1,1,470,547,1017,830,187,10427
669944.0,179,50,1,0.75,0,2,1079,604,1683,830,853,10427
673184.0,180,50,1,0.75,0,1,1238,625,1863,830,1033,10427
674664.0,181,50,1,0.75,1,1,491,650,1142,830,312,10499
677061.0,182,50,1,0.75,1,1,435,608,1044,830,214,10579
679064.0,183,50,1,0.75,1,1,444,573,1018,830,188,10660
680643.0,184,50,1,0.75,1,1,462,578,1041,830,211,10740
682062.0,185,50,1,0.75,1,1,444,698,1142,830,312,10813
685543.0,186,50,1,0.75,0,2,1077,873,1951,830,1121,10813
690245.0,187,50,1,0.75,0,1,1686,632,2319,830,1489,10813
694625.0,188,50,1,0.75,0,2,1737,608,2346,830,1516,10813
702825.0,189,50,1,0.75,0,1,2915,1006,3922,830,3092,10813
706865.0,190,50,1,0.75,0,2,1558,531,2089,830,1259,10813
708343.0,191,50,1,0.75,1,2,476,628,1105,830,275,10888
711826.0,192,50,1,0.75,0,1,1276,732,2009,830,1179,10888
713785.0,193,50,1,0.75,1,1,426,743,1169,830,339,10959
715765.0,194,50,1,0.75,1,1,451,744,1196,830,366,11028
717506.0,195,50,1,0.75,1,1,435,551,987,830,157,11112
719426.0,196,50,1,0.75,1,1,426,518,945,830,115,11200
722145.0,197,50,1,0.75,1,1,461,611,1073,830,243,11277
723826.0,198,50,1,0.75,1,1,427,489,916,830,86,11368
725685.0,199,50,1,0.75,1,1,467,572,1040,830,210,11447
727906.0,200,50,1,0.75,1,1,437,520,957,830,127,11534
731526.0,201,50,1,0.5,0,2,1056,553,1609,830,779,11534
733586.0,202,50,1,0.5,1,2,481,655,1136,830,306,11607
736948.0,203,50,1,0.5,1,2,692,1377,2069,830,1239,11647
739008.0,204,50,1,0.5,1,2,456,535,991,830,161,11731
741829.0,205,50,1,0.5,0,1,1140,612,1752,830,922,11731
745470.0,206,50,1,0.5,0,2,1583,618,2201,830,1371,11731
748647.0,207,50,1,0.5,0,1,1613,717,2330,830,1500,11731
752029.0,208,50,1,0.5,0,2,1286,556,1842,830,1012,11731
755331.0,209,50,1,0.5,0,1,1568,671,2240,830,1410,11731
760551.0,210,50,1,0.5,0,2,1794,548,2342,830,1512,11731
762769.0,211,50,1,0.5,1,1,462,630,1093,830,263,11807
764871.0,212,50,1,0.5,1,2,454,548,1002,830,172,11890
766730.0,213,50,1,0.5,1,1,456,665,1122,830,292,11964
768452.0,214,50,1,0.5,1,2,447,559,1006,830,176,12046
772313.0,215,50,1,0.5,0,2,1486,614,2100,830,1270,12046
774374.0,216,50,1,0.5,1,1,561,619,1181,830,351,12116
776971.0,217,50,1,0.5,0,1,1370,553,1923,830,1093,12116
779932.0,218,50,1,0.5,0,2,1177,634,1811,830,981,12116
781473.0,219,50,1,0.5,1,1,470,526,996,830,166,12200
784232.0,220,50,1,0.5,0,1,1196,660,1857,830,1027,12200
786312.0,221,50,1,0.5,1,2,461,565,1027,830,197,12280
789492.0,222,50,1,0.5,0,2,1167,574,1742,830,912,12280
791195.0,223,50,1,0.5,1,1,451,653,1105,830,275,12355
793756.0,224,50,1,0.5,1,2,440,631,1072,830,242,12433
796253.0,225,50,1,0.5,0,1,1148,610,1758,830,928,12433
799475.0,226,50,1,0.5,0,2,1148,628,1776,830,946,12433
801455.0,227,50,1,0.5,1,2,490,601,1091,830,261,12509
803974.0,228,50,1,0.5,1,1,674,777,1451,830,621,12566
807257.0,229,50,1,0.5,0,1,1105,678,1784,830,954,12566
809138.0,230,50,1,0.5,1,1,503,534,1037,830,207,12646
811359.0,231,50,1,0.5,1,1,479,528,1008,830,178,12728
813518.0,232,50,1,0.5,1,1,467,603,1070,830,240,12806
818899.0,233,50,1,0.5,0,2,1629,553,2182,830,1352,12806
821799.0,234,50,1,0.5,0,1,1083,743,1826,830,996,12806
824860.0,235,50,1,0.5,0,1,1076,765,1841,830,1011,12806
827998.0,236,50,1,0.5,0,1,1285,744,2030,830,1200,12806
831100.0,237,50,1,0.5,0,2,1049,559,1609,830,779,12806
833240.0,238,50,1,0.5,1,1,459,597,1056,830,226,12884
836542.0,239,50,1,0.5,0,1,1291,646,1937,830,1107,12884
839481.0,240,50,1,0.5,0,2,1090,762,1852,830,1022,12884
842641.0,241,50,1,0.5,0,1,1159,699,1859,830,1029,12884
845882.0,242,50,1,0.5,0,2,1138,723,1861,830,1031,12884
848721.0,243,50,1,0.5,0,1,1223,628,1851,830,1021,12884
852481.0,244,50,1,0.5,0,2,1098,587,1685,830,855,12884
854703.0,245,50,1,0.5,1,1,444,707,1152,830,322,12956
857643.0,246,50,1,0.5,0,1,1038,568,1607,830,777,12956
859804.0,247,50,1,0.5,1,1,491,581,1073,830,243,13034
861883.0,248,50,1,0.5,1,1,452,581,1033,830,203,13114
864244.0,249,50,1,0.5,1,2,510,576,1087,830,257,13190
866763.0,250,50,1,0.5,1,2,440,540,980,830,150,13275
868543.0,251,50,2,0.1,1,2,487,544,1031,830,201,13356
882867.0,252,50,2,0.1,0,1,4886,904,5790,1445,4344,13356
894048.0,253,50,2,0.1,0,2,4490,846,5337,830,4507,13356
899546.0,254,50,2,0.1,0,1,2224,1018,3243,1445,1798,13356
902268.0,255,50,2,0.1,1,2,588,1228,1816,830,986,13401
906550.0,256,50,2,0.1,0,2,2321,869,3191,830,2361,13401
908631.0,257,50,2,0.1,1,2,461,874,1335,830,505,13463
910650.0,258,50,2,0.1,1,2,441,632,1074,830,244,13541
912470.0,259,50,2,0.1,1,2,474,657,1132,830,302,13614
914769.0,260,50,2,0.1,1,2,433,657,1090,830,260,13690
916508.0,261,50,2,0.1,1,2,462,737,1200,830,370,13759
918332.0,262,50,2,0.1,1,2,458,582,1040,830,210,13839
919930.0,263,50,2,0.1,1,2,472,586,1058,830,228,13917
921630.0,264,50,2,0.1,1,2,499,645,1144,830,314,13990
924990.0,265,50,2,0.1,0,1,1255,1050,2306,1445,860,13990
928711.0,266,50,2,0.1,0,2,2655,603,3258,830,2428,13990
932931.0,267,50,2,0.1,0,2,2038,799,2838,830,2008,13990
934812.0,268,50,2,0.1,1,2,424,672,1097,830,267,14066
936594.0,269,50,2,0.1,1,2,468,543,1011,830,181,14148
938794.0,270,50,2,0.1,1,2,431,564,995,830,165,14231
940892.0,271,50,2,0.1,1,2,441,590,1032,830,202,14311
942393.0,272,50,2,0.1,1,2,431,682,1113,830,283,14386
944212.0,273,50,2,0.1,1,2,433,715,1149,830,319,14458
946875.0,274,50,2,0.1,1,2,702,1373,2075,830,1245,14498
949153.0,275,50,2,0.1,1,2,527,624,1152,830,322,14570
951933.0,276,50,2,0.1,1,2,589,1546,2136,830,1306,14609
954633.0,277,50,2,0.1,1,2,726,878,1605,830,775,14661
956874.0,278,50,2,0.1,1,2,488,569,1058,830,228,14739
958894.0,279,50,2,0.1,1,2,489,576,1065,830,235,14817
961354.0,280,50,2,0.1,1,2,451,805,1256,830,426,14883
963774.0,281,50,2,0.1,1,2,590,647,1237,830,407,14950
965875.0,282,50,2,0.1,1,2,483,648,1132,830,302,15023
968197.0,283,50,2,0.1,1,2,477,545,1022,830,192,15105
970717.0,284,50,2,0.1,1,2,456,677,1133,830,303,15178
973616.0,285,50,2,0.1,1,2,436,527,963,830,133,15264
976037.0,286,50,2,0.1,1,2,480,513,994,830,164,15347
978258.0,287,50,2,0.1,1,2,459,499,958,830,128,15434
980759.0,288,50,2,0.1,1,2,447,491,939,830,109,15522
982739.0,289,50,2,0.1,1,2,499,596,1096,830,266,15598
985019.0,290,50,2,0.1,1,2,466,525,992,830,162,15682
986739.0,291,50,2,0.1,1,2,454,596,1051,830,221,15761
988498.0,292,50,2,0.1,1,2,473,776,1250,830,420,15827
990199.0,293,50,2,0.1,1,2,454,570,1024,830,194,15908
992178.0,294,50,2,0.1,1,2,472,548,1020,830,190,15989
994118.0,295,50,2,0.1,1,2,477,531,1009,830,179,16071
996060.0,296,50,2,0.1,1,2,461,534,995,830,165,16155
998582.0,297,50,2,0.1,1,2,455,685,1141,830,311,16228
1001240.0,298,50,2,0.1,1,2,468,486,955,830,125,16314
1003342.0,299,50,2,0.1,1,2,512,596,1109,830,279,16389
1004741.0,300,50,2,0.1,1,2,436,582,1018,830,188,16471
1006622.0,301,50,2,0.25,1,2,478,554,1033,830,203,16551
1008224.0,302,50,2,0.25,1,2,457,545,1002,830,172,16634
1009816.0,303,50,2,0.25,1,2,503,588,1092,830,262,16710
1011417.0,304,50,2,0.25,1,2,455,558,1013,830,183,16792
1014279.0,305,50,2,0.25,0,1,1233,1029,2262,1445,816,16792
1017778.0,306,50,2,0.25,0,1,1431,1041,2473,1445,1028,16792
1019978.0,307,50,2,0.25,1,1,793,909,1702,1445,257,16877
1023720.0,308,50,2,0.25,0,2,2070,681,2752,830,1922,16877
1025883.0,309,50,2,0.25,1,2,476,550,1026,830,196,16957
1029502.0,310,50,2,0.25,0,1,1851,1028,2880,1445,1434,16957
1035003.0,311,50,2,0.25,0,2,2741,840,3581,830,2751,16957
1039282.0,312,50,2,0.25,0,1,2524,929,3453,1445,2008,16957
1041766.0,313,50,2,0.25,1,1,867,1037,1904,1445,459,17033
1045685.0,314,50,2,0.25,0,2,2008,574,2582,830,1752,17033
1047705.0,315,50,2,0.25,1,2,445,539,985,830,155,17118
1049806.0,316,50,2,0.25,1,2,444,518,962,830,132,17204
1051664.0,317,50,2,0.25,1,2,429,548,977,830,147,17289
1054149.0,318,50,2,0.25,1,2,455,526,981,830,151,17373
1056147.0,319,50,2,0.25,1,2,432,541,973,830,143,17459
1059391.0,320,50,2,0.25,0,1,1286,992,2278,1445,833,17459
1064430.0,321,50,2,0.25,0,2,2204,607,2812,830,1982,17459
1066810.0,322,50,2,0.25,1,2,453,552,1005,830,175,17541
1068771.0,323,50,2,0.25,1,2,449,589,1039,830,209,17621
1070612.0,324,50,2,0.25,1,2,510,568,1078,830,248,17698
1073915.0,325,50,2,0.25,0,1,1355,990,2346,1445,900,17698
1076166.0,326,50,2,0.25,1,1,793,886,1680,1445,235,17784
1081946.0,327,50,2,0.25,0,2,2196,623,2819,830,1989,17784
1086206.0,328,50,2,0.25,0,1,1268,1009,2278,1445,832,17784
1089747.0,329,50,2,0.25,0,2,1601,537,2139,830,1309,17784
1091629.0,330,50,2,0.25,1,2,466,611,1078,830,248,17861
1093388.0,331,50,2,0.25,1,2,458,560,1018,830,188,17942
1095228.0,332,50,2,0.25,1,2,472,614,1087,830,257,18019
1096848.0,333,50,2,0.25,1,2,447,589,1037,830,207,18099
1099031.0,334,50,2,0.25,1,2,461,754,1216,830,386,18167
1101710.0,335,50,2,0.25,0,1,1208,1047,2256,1445,811,18167
1103890.0,336,50,2,0.25,1,1,762,881,1644,1445,198,18255
1106092.0,337,50,2,0.25,1,1,757,850,1608,1445,162,18345
1109451.0,338,50,2,0.25,0,2,1611,500,2112,830,1282,18345
1113391.0,339,50,2,0.25,0,2,1583,666,2249,830,1419,18345
1115371.0,340,50,2,0.25,1,2,491,544,1035,830,205,18425
1118714.0,341,50,2,0.25,0,1,1277,932,2209,1445,764,18425
1121733.0,342,50,2,0.25,1,2,489,538,1028,830,198,18506
1124734.0,343,50,2,0.25,0,2,1510,601,2112,830,1282,18506
1126713.0,344,50,2,0.25,1,2,453,546,1000,830,170,18589
1129993.0,345,50,2,0.25,0,1,1283,1124,2408,1445,962,18589
1133334.0,346,50,2,0.25,0,2,1850,754,2604,830,1774,18589
1136873.0,347,50,2,0.25,0,1,1146,994,2141,1445,695,18589
1139015.0,348,50,2,0.25,1,2,448,530,978,830,148,18673
1140855.0,349,50,2,0.25,1,2,464,588,1053,830,223,18752
1143177.0,350,50,2,0.25,1,2,443,540,984,830,154,18837
1146997.0,351,50,2,0.75,0,1,1188,894,2082,1445,636,18837
1151856.0,352,50,2,0.75,0,1,1813,913,2727,1445,1282,18837
1155596.0,353,50,2,0.75,0,2,1861,551,2413,830,1583,18837
1158818.0,354,50,2,0.75,0,2,1633,600,2233,830,1403,18837
1160756.0,355,50,2,0.75,1,2,451,647,1099,830,269,18912
1163677.0,356,50,2,0.75,0,1,1151,886,2038,1445,592,18912
1166961.0,357,50,2,0.75,0,1,1427,854,2281,1445,836,18912
1170538.0,358,50,2,0.75,0,2,1538,622,2161,830,1331,18912
1173959.0,359,50,2,0.75,0,1,1240,880,2120,1445,675,18912
1178281.0,360,50,2,0.75,0,1,1493,908,2402,1445,956,18912
1182002.0,361,50,2,0.75,0,1,1324,1133,2458,1445,1012,18912
1184521.0,362,50,2,0.75,1,1,950,885,1835,1445,390,18991
1188742.0,363,50,2,0.75,0,2,1441,543,1984,830,1154,18991
1192802.0,364,50,2,0.75,0,1,1223,1071,2294,1445,848,18991
1195181.0,365,50,2,0.75,1,1,791,915,1707,1445,261,19075
1197084.0,366,50,2,0.75,1,1,766,804,1570,1445,125,19168
1198961.0,367,50,2,0.75,1,1,782,801,1583,1445,138,19259
1201064.0,368,50,2,0.75,1,1,759,838,1598,1445,152,19349
1204842.0,369,50,2,0.75,0,2,1606,498,2104,830,1274,19349
1207882.0,370,50,2,0.75,0,1,1159,1097,2256,1445,811,19349
1209786.0,371,50,2,0.75,1,1,777,994,1772,1445,326,19431
1211925.0,372,50,2,0.75,1,1,754,887,1641,1445,196,19519
1213565.0,373,50,2,0.75,1,1,756,832,1589,1445,143,19610
1216926.0,374,50,2,0.75,1,1,784,865,1650,1445,204,19697
1219104.0,375,50,2,0.75,1,1,761,857,1619,1445,173,19787
1221988.0,376,50,2,0.75,0,2,1465,517,1982,830,1152,19787
1225625.0,377,50,2,0.75,0,1,1226,928,2155,1445,709,19787
1228565.0,378,50,2,0.75,1,1,745,1002,1747,1445,302,19869
1230765.0,379,50,2,0.75,1,1,787,842,1630,1445,184,19958
1232807.0,380,50,2,0.75,1,1,743,933,1677,1445,231,20044
1236646.0,381,50,2,0.75,0,2,1536,646,2183,830,1353,20044
1238827.0,382,50,2,0.75,1,2,468,500,969,830,139,20130
1242248.0,383,50,2,0.75,0,1,1177,880,2057,1445,611,20130
1245708.0,384,50,2,0.75,0,2,1690,532,2222,830,1392,20130
1247748.0,385,50,2,0.75,1,2,453,479,932,830,102,20219
1251710.0,386,50,2,0.75,0,1,1145,1032,2178,1445,733,20219
1254369.0,387,50,2,0.75,1,1,746,871,1618,1445,172,20308
1256448.0,388,50,2,0.75,1,1,755,867,1623,1445,178,20397
1258389.0,389,50,2,0.75,1,1,789,835,1624,1445,179,20486
1263468.0,390,50,2,0.75,0,2,2138,503,2641,830,1811,20486
1268670.0,391,50,2,0.75,0,1,1201,967,2169,1445,723,20486
1273010.0,392,50,2,0.75,0,2,1674,526,2200,830,1370,20486
1276911.0,393,50,2,0.75,0,1,1121,1112,2234,1445,788,20486
1280631.0,394,50,2,0.75,0,1,1271,1015,2286,1445,841,20486
1283691.0,395,50,2,0.75,0,1,1156,919,2075,1445,629,20486
1285994.0,396,50,2,0.75,1,1,756,810,1567,1445,122,20578
1287354.0,397,50,2,0.75,1,1,770,1099,1869,1445,424,20656
1289352.0,398,50,2,0.75,1,1,849,897,1746,1445,301,20738
1291113.0,399,50,2,0.75,1,1,759,828,1587,1445,142,20830
1292814.0,400,50,2,0.75,1,1,738,910,1649,1445,203,20917
1294773.0,401,50,2,0.5,1,1,802,1023,1826,1445,381,20996
1296955.0,402,50,2,0.5,1,1,754,895,1649,1445,204,21084
1301113.0,403,50,2,0.5,0,2,2391,740,3131,830,2301,21084
1303034.0,404,50,2,0.5,1,2,463,454,917,830,87,21174
1306256.0,405,50,2,0.5,0,1,1799,918,2717,1445,1272,21174
1310115.0,406,50,2,0.5,0,2,1707,588,2295,830,1465,21174
1312334.0,407,50,2,0.5,1,2,494,699,1193,830,363,21244
1313876.0,408,50,2,0.5,1,2,480,555,1036,830,206,21324
1317076.0,409,50,2,0.5,0,1,1488,937,2426,1445,980,21324
1318854.0,410,50,2,0.5,1,1,756,830,1587,1445,141,21415
1320775.0,411,50,2,0.5,1,1,771,828,1599,1445,154,21505
1322774.0,412,50,2,0.5,1,1,759,977,1737,1445,292,21589
1324954.0,413,50,2,0.5,1,1,736,932,1669,1445,223,21675
1329094.0,414,50,2,0.5,0,2,1651,568,2220,830,1390,21675
1334454.0,415,50,2,0.5,0,1,1263,917,2180,1445,735,21675
1338457.0,416,50,2,0.5,0,2,1460,609,2070,830,1240,21675
1340358.0,417,50,2,0.5,1,2,431,530,961,830,131,21761
1343558.0,418,50,2,0.5,0,1,1484,983,2468,1445,1022,21761
1347246.0,419,50,2,0.5,0,2,1452,554,2007,830,1177,21761
1351745.0,420,50,2,0.5,0,1,1166,853,2019,1445,574,21761
1355306.0,421,50,2,0.5,0,2,1600,485,2085,830,1255,21761
1358509.0,422,50,2,0.5,0,1,1209,1099,2308,1445,862,21761
1360547.0,423,50,2,0.5,1,1,760,871,1632,1445,187,21850
1362487.0,424,50,2,0.5,1,1,770,833,1604,1445,159,21940
1366607.0,425,50,2,0.5,0,2,2195,551,2747,830,1917,21940
1369428.0,426,50,2,0.5,0,1,1139,861,2000,1445,554,21940
1371568.0,427,50,2,0.5,1,1,758,856,1614,1445,169,22030
1373728.0,428,50,2,0.5,1,1,767,867,1635,1445,189,22118
1375948.0,429,50,2,0.5,1,1,756,897,1653,1445,208,22205
1377828.0,430,50,2,0.5,1,1,749,899,1649,1445,203,22293
1380527.0,431,50,2,0.5,1,1,796,918,1714,1445,268,22377
1382147.0,432,50,2,0.5,1,1,796,832,1628,1445,182,22466
1384167.0,433,50,2,0.5,1,1,781,847,1629,1445,183,22555
1388449.0,434,50,2,0.5,0,2,1888,569,2457,830,1627,22555
1390228.0,435,50,2,0.5,1,2,450,504,955,830,125,22642
1391789.0,436,50,2,0.5,1,2,460,588,1048,830,218,22721
1394228.0,437,50,2,0.5,0,1,1412,923,2335,1445,890,22721
1398590.0,438,50,2,0.5,0,1,1863,1019,2882,1445,1436,22721
1401908.0,439,50,2,0.5,0,2,1684,478,2162,830,1332,22721
1405048.0,440,50,2,0.5,0,1,1327,933,2260,1445,814,22721
1407129.0,441,50,2,0.5,1,1,780,942,1723,1445,277,22805
1410950.0,442,50,2,0.5,0,2,1863,484,2347,830,1517,22805
1412868.0,443,50,2,0.5,1,2,484,511,996,830,166,22888
1416190.0,444,50,2,0.5,0,1,1191,977,2169,1445,723,22888
1418511.0,445,50,2,0.5,1,1,744,942,1686,1445,241,22974
1422232.0,446,50,2,0.5,0,2,1488,725,2213,830,1383,22974
1424351.0,447,50,2,0.5,1,2,617,594,1212,830,382,23042
1426193.0,448,50,2,0.5,1,2,456,689,1146,830,316,23115
1429350.0,449,50,2,0.5,0,1,1207,1016,2223,1445,778,23115
1433331.0,450,50,2,0.5,0,2,1512,667,2180,830,1350,23115
1435490.0,451,50,2,0.9,0,1,1245,949,2194,1445,749,23115
1438693.0,452,50,2,0.9,1,1,846,869,1716,1445,270,23199
1440651.0,453,50,2,0.9,1,1,748,893,1642,1445,196,23287
1443212.0,454,50,2,0.9,1,1,750,934,1684,1445,239,23373
1444951.0,455,50,2,0.9,1,1,764,925,1689,1445,244,23458
1447370.0,456,50,2,0.9,1,1,784,921,1705,1445,260,23543
1449731.0,457,50,2,0.9,1,1,794,980,1774,1445,329,23625
1451890.0,458,50,2,0.9,1,1,771,936,1708,1445,262,23709
1454233.0,459,50,2,0.9,1,1,772,896,1668,1445,223,23796
1456412.0,460,50,2,0.9,1,1,771,847,1618,1445,172,23885
1458373.0,461,50,2,0.9,1,1,749,940,1690,1445,244,23971
1460472.0,462,50,2,0.9,1,1,831,879,1710,1445,264,24055
1462812.0,463,50,2,0.9,1,1,809,897,1706,1445,260,24140
1465114.0,464,50,2,0.9,1,1,770,1079,1849,1445,404,24218
1467251.0,465,50,2,0.9,1,1,783,1226,2010,1445,565,24290
1469232.0,466,50,2,0.9,1,1,756,920,1676,1445,231,24376
1471413.0,467,50,2,0.9,1,1,757,871,1628,1445,183,24465
1473474.0,468,50,2,0.9,1,1,764,879,1644,1445,198,24553
1475275.0,469,50,2,0.9,1,1,782,931,1714,1445,268,24637
1476894.0,470,50,2,0.9,1,1,835,943,1779,1445,333,24718
1479012.0,471,50,2,0.9,1,1,765,1101,1867,1445,421,24796
1480672.0,472,50,2,0.9,1,1,759,1084,1843,1445,398,24874
1483053.0,473,50,2,0.9,1,1,787,1077,1865,1445,419,24952
1484952.0,474,50,2,0.9,1,1,803,854,1657,1445,212,25039
1486855.0,475,50,2,0.9,1,1,812,938,1750,1445,305,25121
1490695.0,476,50,2,0.9,0,2,1888,602,2490,830,1660,25121
1494513.0,477,50,2,0.9,0,1,1223,1002,2226,1445,781,25121
1496316.0,478,50,2,0.9,1,1,744,948,1693,1445,247,25207
1498473.0,479,50,2,0.9,1,1,813,1050,1863,1445,418,25284
1500714.0,480,50,2,0.9,1,1,763,830,1594,1445,148,25375
1502873.0,481,50,2,0.9,1,1,761,860,1622,1445,176,25464
1505217.0,482,50,2,0.9,1,1,807,1011,1819,1445,373,25544
1507135.0,483,50,2,0.9,1,1,772,916,1689,1445,243,25629
1509157.0,484,50,2,0.9,1,1,768,882,1651,1445,205,25717
1511356.0,485,50,2,0.9,1,1,756,934,1691,1445,245,25802
1513616.0,486,50,2,0.9,1,1,873,1028,1901,1445,456,25878
1515515.0,487,50,2,0.9,1,1,756,813,1570,1445,125,25970
1518555.0,488,50,2,0.9,1,1,759,857,1616,1445,171,26060
1522255.0,489,50,2,0.9,0,2,1734,523,2258,830,1428,26060
1525296.0,490,50,2,0.9,0,1,1196,934,2130,1445,684,26060
1527255.0,491,50,2,0.9,1,1,753,874,1628,1445,183,26148
1529755.0,492,50,2,0.9,1,1,744,954,1699,1445,253,26233
1532397.0,493,50,2,0.9,1,1,734,998,1733,1445,287,26317
1534515.0,494,50,2,0.9,1,1,729,941,1671,1445,225,26403
1537476.0,495,50,2,0.9,1,1,780,926,1706,1445,260,26488
1545215.0,496,50,2,0.9,0,2,1665,716,2382,830,1552,26488
1548775.0,497,50,2,0.9,0,1,1162,897,2059,1445,613,26488
1550796.0,498,50,2,0.9,1,1,798,869,1667,1445,222,26575
1552477.0,499,50,2,0.9,1,1,766,840,1606,1445,160,26665
1555096.0,500,50,2,0.9,1,1,832,839,1672,1445,226,26751
