2016,7,11,14,32
timestamp, trialNum, blockWidth, position_number, LeftTriggerProbability, rightORwrong, Rewardposition, forageDistance, collectionDistance, totalDistance, optimalTotalDistance, Totaldifference, score
34030.0,1,50,1,0.25,1,2,511,659,1170,830,340,70
39953.0,2,50,1,0.25,0,1,1626,566,2193,830,1363,70
42794.0,3,50,1,0.25,1,1,477,748,1226,830,396,138
46574.0,4,50,1,0.25,0,2,1151,778,1929,830,1099,138
50074.0,5,50,1,0.25,0,1,1258,619,1878,830,1048,138
52274.0,6,50,1,0.25,1,1,476,699,1175,830,345,209
54453.0,7,50,1,0.25,0,2,1166,1382,2548,830,1718,209
56415.0,8,50,1,0.25,1,1,797,576,1374,830,544,269
58335.0,9,50,1,0.25,1,1,536,654,1191,830,361,339
61453.0,10,50,1,0.25,1,1,498,968,1467,830,637,395
63934.0,11,50,1,0.25,0,2,1549,1083,2633,830,1803,395
66439.0,12,50,1,0.25,0,2,1766,494,2260,830,1430,395
70048.0,13,50,1,0.25,1,2,499,1400,1899,830,1069,439
72607.0,14,50,1,0.25,1,2,829,576,1405,830,575,498
76926.0,15,50,1,0.25,1,2,934,692,1627,830,797,549
78888.0,16,50,1,0.25,1,2,491,578,1069,830,239,627
83487.0,17,50,1,0.25,0,1,1675,684,2360,830,1530,627
86268.0,18,50,1,0.25,1,1,437,608,1046,830,216,706
87509.0,19,50,1,0.25,1,1,429,590,1019,830,189,787
90667.0,20,50,1,0.25,0,2,1587,538,2126,830,1296,787
92288.0,21,50,1,0.25,1,1,519,665,1185,830,355,857
95891.0,22,50,1,0.25,0,2,1585,701,2287,830,1457,857
97090.0,23,50,1,0.25,1,2,459,607,1067,830,237,935
98368.0,24,50,1,0.25,1,2,483,572,1056,830,226,1014
99850.0,25,50,1,0.25,1,2,530,588,1119,830,289,1088
104789.0,26,50,1,0.25,0,1,1536,2906,4442,830,3612,1088
107749.0,27,50,1,0.25,0,2,1542,743,2285,830,1455,1088
110213.0,28,50,1,0.25,0,1,1555,644,2200,830,1370,1088
111512.0,29,50,1,0.25,1,1,456,565,1022,830,192,1169
114711.0,30,50,1,0.25,0,2,1900,664,2564,830,1734,1169
117112.0,31,50,1,0.25,1,2,634,671,1306,830,476,1233
118352.0,32,50,1,0.25,1,2,459,651,1110,830,280,1307
119614.0,33,50,1,0.25,1,2,437,629,1067,830,237,1385
121351.0,34,50,1,0.25,1,2,530,636,1167,830,337,1456
122954.0,35,50,1,0.25,1,2,446,745,1191,830,361,1526
125296.0,36,50,1,0.25,0,1,1529,909,2438,830,1608,1526
127595.0,37,50,1,0.25,0,1,1733,736,2469,830,1639,1526
130335.0,38,50,1,0.25,0,2,1549,545,2094,830,1264,1526
133876.0,39,50,1,0.25,0,2,1538,553,2092,830,1262,1526
135697.0,40,50,1,0.25,1,2,539,932,1472,830,642,1582
138038.0,41,50,1,0.25,1,1,515,985,1500,830,670,1637
142717.0,42,50,1,0.25,0,2,1631,1680,3311,830,2481,1637
143840.0,43,50,1,0.25,1,2,432,597,1030,830,200,1718
146520.0,44,50,1,0.25,0,1,1121,726,1848,830,1018,1718
147720.0,45,50,1,0.25,1,1,448,674,1123,830,293,1792
152337.0,46,50,1,0.25,0,2,1737,1668,3405,830,2575,1792
154059.0,47,50,1,0.25,1,2,449,541,991,830,161,1876
155847.0,48,50,1,0.25,1,2,585,593,1178,830,348,1946
158389.0,49,50,1,0.25,1,2,548,659,1208,830,378,2015
159747.0,50,50,1,0.25,1,2,468,651,1120,830,290,2089
161450.0,51,50,1,0.9,1,2,438,553,992,830,162,2172
164251.0,52,50,1,0.9,0,1,1569,544,2114,830,1284,2172
165849.0,53,50,1,0.9,1,1,482,551,1033,830,203,2253
167688.0,54,50,1,0.9,1,1,481,951,1433,830,603,2311
170128.0,55,50,1,0.9,0,2,1457,1249,2706,830,1876,2311
173368.0,56,50,1,0.9,0,1,1523,754,2277,830,1447,2311
174810.0,57,50,1,0.9,1,1,531,858,1389,830,559,2370
176030.0,58,50,1,0.9,1,1,477,582,1059,830,229,2449
177472.0,59,50,1,0.9,1,1,504,554,1059,830,229,2527
178689.0,60,50,1,0.9,1,1,446,695,1142,830,312,2600
180369.0,61,50,1,0.9,1,1,572,779,1352,830,522,2661
181708.0,62,50,1,0.9,1,1,459,640,1100,830,270,2736
183749.0,63,50,1,0.9,1,1,476,652,1129,830,299,2810
185173.0,64,50,1,0.9,1,1,512,511,1023,830,193,2891
187114.0,65,50,1,0.9,1,1,466,611,1078,830,248,2968
188954.0,66,50,1,0.9,1,1,496,680,1177,830,347,3038
190794.0,67,50,1,0.9,1,1,440,647,1088,830,258,3115
194314.0,68,50,1,0.9,1,1,483,705,1188,830,358,3184
195697.0,69,50,1,0.9,1,1,448,786,1235,830,405,3252
197896.0,70,50,1,0.9,1,1,456,642,1098,830,268,3327
199435.0,71,50,1,0.9,1,1,466,781,1248,830,418,3394
201254.0,72,50,1,0.9,1,1,438,655,1093,830,263,3470
202696.0,73,50,1,0.9,1,1,498,726,1225,830,395,3537
204456.0,74,50,1,0.9,1,1,445,571,1017,830,187,3619
205997.0,75,50,1,0.9,1,1,447,531,978,830,148,3704
207499.0,76,50,1,0.9,1,1,538,780,1318,830,488,3767
210978.0,77,50,1,0.9,0,2,1582,723,2305,830,1475,3767
213938.0,78,50,1,0.9,0,1,1510,786,2297,830,1467,3767
219240.0,79,50,1,0.9,1,1,493,816,1309,830,479,3830
220597.0,80,50,1,0.9,1,1,452,608,1060,830,230,3908
222557.0,81,50,1,0.9,1,1,533,659,1193,830,363,3978
223879.0,82,50,1,0.9,1,1,438,659,1097,830,267,4054
225739.0,83,50,1,0.9,1,1,506,598,1104,830,274,4129
226917.0,84,50,1,0.9,1,1,453,490,944,830,114,4217
228299.0,85,50,1,0.9,1,1,457,631,1089,830,259,4293
229920.0,86,50,1,0.9,1,1,462,668,1130,830,300,4366
231940.0,87,50,1,0.9,1,1,446,686,1132,830,302,4439
234041.0,88,50,1,0.9,1,1,477,565,1043,830,213,4519
236881.0,89,50,1,0.9,1,1,445,680,1126,830,296,4593
238520.0,90,50,1,0.9,1,1,433,694,1127,830,297,4666
240201.0,91,50,1,0.9,1,1,453,736,1190,830,360,4736
241820.0,92,50,1,0.9,1,1,488,703,1191,830,361,4806
243439.0,93,50,1,0.9,1,1,496,554,1051,830,221,4885
245322.0,94,50,1,0.9,1,1,460,695,1156,830,326,4956
246760.0,95,50,1,0.9,1,1,457,490,948,830,118,5044
248183.0,96,50,1,0.9,1,1,493,525,1018,830,188,5125
249723.0,97,50,1,0.9,1,1,481,809,1290,830,460,5190
251442.0,98,50,1,0.9,1,1,643,619,1262,830,432,5256
253443.0,99,50,1,0.9,1,1,451,519,971,830,141,5341
256123.0,100,50,1,0.9,1,1,455,612,1068,830,238,5419
257540.0,101,50,1,0.5,1,1,442,676,1119,830,289,5493
259381.0,102,50,1,0.5,1,1,562,863,1425,830,595,5551
261002.0,103,50,1,0.5,1,1,569,730,1299,830,469,5615
262662.0,104,50,1,0.5,1,1,480,700,1180,830,350,5685
265182.0,105,50,1,0.5,1,1,471,574,1045,830,215,5765
268022.0,106,50,1,0.5,0,2,1551,672,2224,830,1394,5765
269561.0,107,50,1,0.5,1,2,449,623,1073,830,243,5842
271203.0,108,50,1,0.5,1,2,445,992,1438,830,608,5900
272503.0,109,50,1,0.5,1,2,475,516,992,830,162,5983
274602.0,110,50,1,0.5,1,2,524,742,1267,830,437,6049
277645.0,111,50,1,0.5,0,1,1255,720,1975,830,1145,6049
280183.0,112,50,1,0.5,0,2,1140,562,1702,830,872,6049
284124.0,113,50,1,0.5,0,1,1929,604,2534,830,1704,6049
286347.0,114,50,1,0.5,1,1,480,867,1347,830,517,6110
287906.0,115,50,1,0.5,1,1,457,584,1041,830,211,6190
290544.0,116,50,1,0.5,0,2,1183,790,1973,830,1143,6190
292906.0,117,50,1,0.5,0,2,1370,790,2161,830,1331,6190
294084.0,118,50,1,0.5,1,2,514,797,1312,830,482,6253
295525.0,119,50,1,0.5,1,2,684,585,1270,830,440,6319
298464.0,120,50,1,0.5,0,1,1208,866,2074,830,1244,6319
300467.0,121,50,1,0.5,0,1,1191,595,1787,830,957,6319
302104.0,122,50,1,0.5,1,1,463,791,1255,830,425,6385
303228.0,123,50,1,0.5,1,1,485,582,1067,830,237,6462
304981.0,124,50,1,0.5,0,2,1157,586,1744,830,914,6462
306378.0,125,50,1,0.5,1,2,468,642,1110,830,280,6537
308641.0,126,50,1,0.5,0,1,1318,742,2060,830,1230,6537
310998.0,127,50,1,0.5,0,2,1303,634,1937,830,1107,6537
313521.0,128,50,1,0.5,0,1,1816,600,2416,830,1586,6537
315401.0,129,50,1,0.5,0,1,1183,735,1918,830,1088,6537
316941.0,130,50,1,0.5,1,1,454,752,1207,830,377,6606
319918.0,131,50,1,0.5,0,2,1377,604,1981,830,1151,6606
321219.0,132,50,1,0.5,1,2,523,583,1106,830,276,6681
324222.0,133,50,1,0.5,0,2,1322,566,1889,830,1059,6681
326620.0,134,50,1,0.5,0,1,1514,576,2090,830,1260,6681
328603.0,135,50,1,0.5,1,2,562,946,1508,830,678,6736
331361.0,136,50,1,0.5,0,1,1691,588,2279,830,1449,6736
334480.0,137,50,1,0.5,1,2,577,637,1215,830,385,6804
336003.0,138,50,1,0.5,1,2,471,596,1067,830,237,6882
339460.0,139,50,1,0.5,0,2,1193,885,2078,830,1248,6882
341301.0,140,50,1,0.5,0,1,1499,684,2183,830,1353,6882
342822.0,141,50,1,0.5,1,1,472,800,1273,830,443,6947
345142.0,142,50,1,0.5,0,2,1400,803,2204,830,1374,6947
346645.0,143,50,1,0.5,0,2,1419,868,2287,830,1457,6947
349121.0,144,50,1,0.5,0,1,1852,551,2404,830,1574,6947
350701.0,145,50,1,0.5,1,1,484,664,1148,830,318,7019
351843.0,146,50,1,0.5,1,1,485,613,1099,830,269,7095
353324.0,147,50,1,0.5,1,1,471,737,1209,830,379,7164
355546.0,148,50,1,0.5,0,2,1112,789,1901,830,1071,7164
357143.0,149,50,1,0.5,1,1,564,855,1419,830,589,7222
358786.0,150,50,1,0.5,1,1,480,725,1206,830,376,7291
360304.0,151,50,1,0.75,1,1,454,772,1226,830,396,7358
362163.0,152,50,1,0.75,0,2,1106,691,1798,830,968,7358
363883.0,153,50,1,0.75,0,1,1335,600,1936,830,1106,7358
366288.0,154,50,1,0.75,0,2,1372,729,2102,830,1272,7358
367487.0,155,50,1,0.75,1,1,490,585,1076,830,246,7436
369027.0,156,50,1,0.75,1,1,505,617,1122,830,292,7510
370307.0,157,50,1,0.75,1,1,440,619,1059,830,229,7588
372249.0,158,50,1,0.75,0,2,1121,532,1653,830,823,7588
373489.0,159,50,1,0.75,1,1,463,677,1140,830,310,7661
374868.0,160,50,1,0.75,1,1,451,716,1167,830,337,7732
377151.0,161,50,1,0.75,0,2,2086,820,2906,830,2076,7732
379091.0,162,50,1,0.75,1,1,451,563,1014,830,184,7814
381990.0,163,50,1,0.75,1,1,605,736,1341,830,511,7875
385848.0,164,50,1,0.75,0,2,2767,1529,4297,830,3467,7875
388452.0,165,50,1,0.75,0,1,1768,758,2527,830,1697,7875
390231.0,166,50,1,0.75,1,1,449,1176,1626,830,796,7926
391730.0,167,50,1,0.75,1,1,478,740,1218,830,388,7995
393630.0,168,50,1,0.75,0,1,1121,798,1920,830,1090,7995
396887.0,169,50,1,0.75,0,2,1973,642,2615,830,1785,7995
398769.0,170,50,1,0.75,1,1,495,849,1344,830,514,8056
400048.0,171,50,1,0.75,1,1,480,789,1269,830,439,8122
401528.0,172,50,1,0.75,1,1,448,627,1075,830,245,8199
402848.0,173,50,1,0.75,1,1,469,616,1086,830,256,8275
404229.0,174,50,1,0.75,1,1,451,734,1186,830,356,8345
406030.0,175,50,1,0.75,1,1,467,920,1387,830,557,8405
407368.0,176,50,1,0.75,1,1,488,528,1016,830,186,8487
410229.0,177,50,1,0.75,1,1,454,524,979,830,149,8571
411969.0,178,50,1,0.75,1,1,481,902,1384,830,554,8631
414090.0,179,50,1,0.75,0,2,1319,810,2130,830,1300,8631
415970.0,180,50,1,0.75,0,2,1262,666,1929,830,1099,8631
417232.0,181,50,1,0.75,1,2,450,736,1186,830,356,8701
419652.0,182,50,1,0.75,0,1,1388,705,2093,830,1263,8701
422672.0,183,50,1,0.75,0,1,1279,723,2002,830,1172,8701
425137.0,184,50,1,0.75,0,1,1333,732,2066,830,1236,8701
426900.0,185,50,1,0.75,1,1,500,713,1213,830,383,8770
428798.0,186,50,1,0.75,1,1,490,2097,2588,830,1758,8802
430281.0,187,50,1,0.75,1,1,455,546,1001,830,171,8885
432078.0,188,50,1,0.75,1,1,491,869,1360,830,530,8946
434681.0,189,50,1,0.75,1,1,479,964,1443,830,613,9003
435840.0,190,50,1,0.75,1,1,452,659,1112,830,282,9078
438181.0,191,50,1,0.75,0,2,1394,722,2117,830,1287,9078
439459.0,192,50,1,0.75,1,1,492,569,1062,830,232,9156
441420.0,193,50,1,0.75,0,2,1284,537,1822,830,992,9156
442779.0,194,50,1,0.75,0,2,1107,955,2063,830,1233,9156
445241.0,195,50,1,0.75,0,1,1336,644,1980,830,1150,9156
447520.0,196,50,1,0.75,1,1,516,605,1122,830,292,9230
449181.0,197,50,1,0.75,1,1,547,747,1294,830,464,9294
450903.0,198,50,1,0.75,1,2,449,878,1328,830,498,9356
452141.0,199,50,1,0.75,1,1,447,638,1085,830,255,9433
453840.0,200,50,1,0.75,1,1,537,679,1216,830,386,9501
455333.0,201,50,1,0.1,1,2,478,659,1138,830,308,9574
457753.0,202,50,1,0.1,0,2,1273,649,1922,830,1092,9574
460295.0,203,50,1,0.1,0,2,1516,763,2279,830,1449,9574
463296.0,204,50,1,0.1,0,2,1704,733,2437,830,1607,9574
465376.0,205,50,1,0.1,0,2,1336,678,2015,830,1185,9574
467416.0,206,50,1,0.1,0,1,1198,738,1937,830,1107,9574
469194.0,207,50,1,0.1,0,2,1374,591,1965,830,1135,9574
470634.0,208,50,1,0.1,1,2,449,628,1077,830,247,9651
472134.0,209,50,1,0.1,1,2,445,646,1092,830,262,9727
473475.0,210,50,1,0.1,1,2,465,610,1076,830,246,9804
475715.0,211,50,1,0.1,1,2,468,534,1002,830,172,9887
477635.0,212,50,1,0.1,0,2,1187,617,1804,830,974,9887
479217.0,213,50,1,0.1,1,2,484,914,1399,830,569,9946
482078.0,214,50,1,0.1,0,2,1771,618,2389,830,1559,9946
484058.0,215,50,1,0.1,1,2,470,749,1220,830,390,10014
485502.0,216,50,1,0.1,1,2,451,606,1058,830,228,10093
486900.0,217,50,1,0.1,1,2,456,779,1235,830,405,10160
488580.0,218,50,1,0.1,1,2,681,1059,1741,830,911,10207
490122.0,219,50,1,0.1,1,2,483,626,1110,830,280,10282
495982.0,220,50,1,0.1,0,1,1213,706,1920,830,1090,10282
499422.0,221,50,1,0.1,0,2,1791,823,2615,830,1785,10282
500703.0,222,50,1,0.1,1,2,478,701,1180,830,350,10352
501963.0,223,50,1,0.1,1,2,471,634,1105,830,275,10428
503542.0,224,50,1,0.1,1,2,528,814,1342,830,512,10489
504923.0,225,50,1,0.1,1,2,456,714,1170,830,340,10560
506964.0,226,50,1,0.1,1,2,468,637,1106,830,276,10635
509842.0,227,50,1,0.1,1,2,472,810,1282,830,452,10700
511782.0,228,50,1,0.1,1,1,487,891,1378,830,548,10760
515283.0,229,50,1,0.1,0,2,2068,687,2756,830,1926,10760
518424.0,230,50,1,0.1,0,1,1644,692,2336,830,1506,10760
521444.0,231,50,1,0.1,0,2,1514,753,2267,830,1437,10760
523184.0,232,50,1,0.1,1,2,755,613,1369,830,539,10821
524843.0,233,50,1,0.1,1,2,943,632,1576,830,746,10874
526345.0,234,50,1,0.1,1,2,436,620,1056,830,226,10952
527645.0,235,50,1,0.1,1,2,476,609,1086,830,256,11028
528847.0,236,50,1,0.1,1,2,489,676,1166,830,336,11100
530946.0,237,50,1,0.1,1,2,607,554,1161,830,331,11171
532127.0,238,50,1,0.1,1,2,479,500,979,830,149,11256
533865.0,239,50,1,0.1,1,2,524,651,1175,830,345,11326
535488.0,240,50,1,0.1,1,2,600,686,1286,830,456,11391
538127.0,241,50,1,0.1,1,2,502,872,1375,830,545,11451
539566.0,242,50,1,0.1,1,2,530,1033,1564,830,734,11504
541106.0,243,50,1,0.1,1,2,499,748,1247,830,417,11571
542329.0,244,50,1,0.1,1,2,502,532,1035,830,205,11651
544339.0,245,50,1,0.1,1,2,482,552,1034,830,204,11731
545796.0,246,50,1,0.1,1,2,481,615,1096,830,266,11807
547260.0,247,50,1,0.1,1,2,562,614,1176,830,346,11878
548358.0,248,50,1,0.1,1,2,510,595,1105,830,275,11953
550939.0,249,50,1,0.1,1,2,538,1035,1574,830,744,12005
552520.0,250,50,1,0.1,1,2,569,800,1369,830,539,12066
554278.0,251,50,2,0.25,1,2,489,920,1409,830,579,12125
556518.0,252,50,2,0.25,1,2,580,669,1250,830,420,12191
575467.0,253,50,2,0.25,0,1,51352,1835,53188,1445,51743,12191
579449.0,254,50,2,0.25,0,2,2700,769,3470,830,2640,12191
580666.0,255,50,2,0.25,1,2,466,841,1308,830,478,12255
583189.0,256,50,2,0.25,0,1,1695,923,2618,1445,1172,12255
585026.0,257,50,2,0.25,0,2,1707,823,2531,830,1701,12255
586668.0,258,50,2,0.25,1,2,433,1765,2199,830,1369,12292
588328.0,259,50,2,0.25,1,2,506,737,1243,830,413,12359
590169.0,260,50,2,0.25,1,2,1018,873,1892,830,1062,12403
592928.0,261,50,2,0.25,0,1,1828,986,2815,1445,1369,12403
594469.0,262,50,2,0.25,1,2,509,598,1107,830,277,12478
595890.0,263,50,2,0.25,1,2,475,690,1166,830,336,12549
597129.0,264,50,2,0.25,1,2,475,742,1217,830,387,12617
598709.0,265,50,2,0.25,1,2,440,1066,1507,830,677,12672
600968.0,266,50,2,0.25,0,1,1339,1212,2551,1445,1106,12672
602590.0,267,50,2,0.25,1,2,438,697,1136,830,306,12745
604984.0,268,50,2,0.25,0,2,2262,662,2924,830,2094,12745
605946.0,269,50,2,0.25,1,2,432,597,1030,830,200,12826
607247.0,270,50,2,0.25,1,2,473,600,1073,830,243,12903
608323.0,271,50,2,0.25,1,2,463,668,1131,830,301,12977
609585.0,272,50,2,0.25,1,2,474,633,1107,830,277,13052
611724.0,273,50,2,0.25,0,1,1309,1041,2350,1445,905,13052
614705.0,274,50,2,0.25,0,2,2280,1844,4125,830,3295,13052
615926.0,275,50,2,0.25,1,2,456,534,991,830,161,13135
617185.0,276,50,2,0.25,1,2,448,584,1032,830,202,13216
618486.0,277,50,2,0.25,1,2,444,586,1030,830,200,13296
620125.0,278,50,2,0.25,1,2,452,783,1236,830,406,13363
622607.0,279,50,2,0.25,0,1,1665,1020,2686,1445,1240,13363
626206.0,280,50,2,0.25,0,2,2163,1151,3314,830,2484,13363
628566.0,281,50,2,0.25,1,2,490,556,1047,830,217,13443
629846.0,282,50,2,0.25,1,2,534,574,1109,830,279,13517
631986.0,283,50,2,0.25,1,2,477,477,955,830,125,13604
633368.0,284,50,2,0.25,1,2,473,600,1073,830,243,13682
634968.0,285,50,2,0.25,1,2,558,638,1196,830,366,13751
636729.0,286,50,2,0.25,1,2,482,716,1199,830,369,13820
639350.0,287,50,2,0.25,0,1,2234,958,3193,1445,1747,13820
642251.0,288,50,2,0.25,0,2,2281,839,3120,830,2290,13820
644310.0,289,50,2,0.25,1,2,741,690,1432,830,602,13878
646350.0,290,50,2,0.25,0,1,1362,1204,2566,1445,1120,13878
647510.0,291,50,2,0.25,1,1,934,949,1883,1445,437,13955
650590.0,292,50,2,0.25,0,2,2198,918,3117,830,2287,13955
652333.0,293,50,2,0.25,0,2,1471,750,2222,830,1392,13955
654030.0,294,50,2,0.25,1,2,488,923,1412,830,582,14014
656572.0,295,50,2,0.25,0,1,1188,1097,2286,1445,841,14014
660632.0,296,50,2,0.25,0,2,2617,877,3495,830,2665,14014
662191.0,297,50,2,0.25,1,2,463,743,1206,830,376,14082
663574.0,298,50,2,0.25,1,2,457,690,1148,830,318,14155
665150.0,299,50,2,0.25,1,2,524,741,1266,830,436,14220
668048.0,300,50,2,0.25,0,1,1298,933,2231,1445,786,14220
669447.0,301,50,2,0.1,1,2,467,712,1180,830,350,14291
670788.0,302,50,2,0.1,1,2,461,684,1146,830,316,14363
672087.0,303,50,2,0.1,1,2,461,510,971,830,141,14448
673388.0,304,50,2,0.1,1,2,460,744,1205,830,375,14517
675288.0,305,50,2,0.1,1,2,746,697,1443,830,613,14575
676730.0,306,50,2,0.1,1,2,450,948,1398,830,568,14634
677869.0,307,50,2,0.1,1,2,496,511,1008,830,178,14716
679529.0,308,50,2,0.1,1,2,641,570,1212,830,382,14785
681269.0,309,50,2,0.1,1,2,500,511,1012,830,182,14867
683330.0,310,50,2,0.1,1,2,453,654,1108,830,278,14942
685231.0,311,50,2,0.1,1,2,462,646,1108,830,278,15017
687529.0,312,50,2,0.1,1,2,530,1546,2077,830,1247,15057
688991.0,313,50,2,0.1,1,2,420,693,1113,830,283,15131
690169.0,314,50,2,0.1,1,2,453,613,1066,830,236,15209
691750.0,315,50,2,0.1,1,2,473,671,1145,830,315,15281
693350.0,316,50,2,0.1,1,2,448,572,1020,830,190,15363
695596.0,317,50,2,0.1,1,2,487,889,1376,830,546,15423
697719.0,318,50,2,0.1,1,2,489,582,1072,830,242,15500
699256.0,319,50,2,0.1,1,2,455,543,999,830,169,15583
700577.0,320,50,2,0.1,1,2,490,559,1049,830,219,15663
701859.0,321,50,2,0.1,1,2,533,675,1209,830,379,15731
704239.0,322,50,2,0.1,1,2,585,1239,1824,830,994,15777
705639.0,323,50,2,0.1,1,2,473,598,1071,830,241,15854
706959.0,324,50,2,0.1,1,2,467,540,1007,830,177,15936
708800.0,325,50,2,0.1,1,2,603,603,1207,830,377,16005
710057.0,326,50,2,0.1,1,2,466,501,968,830,138,16091
711819.0,327,50,2,0.1,1,2,527,579,1107,830,277,16166
713020.0,328,50,2,0.1,1,2,438,565,1004,830,174,16249
715759.0,329,50,2,0.1,0,1,1325,998,2323,1445,878,16249
718079.0,330,50,2,0.1,1,2,481,1576,2058,830,1228,16289
719600.0,331,50,2,0.1,1,2,546,769,1316,830,486,16352
722340.0,332,50,2,0.1,0,1,1250,870,2120,1445,674,16352
725136.0,333,50,2,0.1,0,2,2842,626,3468,830,2638,16352
726415.0,334,50,2,0.1,1,2,589,716,1305,830,475,16416
727515.0,335,50,2,0.1,1,2,457,560,1018,830,188,16497
728896.0,336,50,2,0.1,1,2,530,679,1210,830,380,16566
730717.0,337,50,2,0.1,1,2,414,798,1213,830,383,16634
732096.0,338,50,2,0.1,1,2,473,515,989,830,159,16718
733417.0,339,50,2,0.1,1,2,535,564,1100,830,270,16793
735936.0,340,50,2,0.1,1,2,536,1208,1744,830,914,16841
737937.0,341,50,2,0.1,1,2,679,1281,1961,830,1131,16883
740759.0,342,50,2,0.1,0,1,1402,1106,2509,1445,1063,16883
742697.0,343,50,2,0.1,0,2,1639,701,2340,830,1510,16883
744198.0,344,50,2,0.1,1,2,693,550,1243,830,413,16950
747298.0,345,50,2,0.1,0,1,1573,1118,2691,1445,1245,16950
749440.0,346,50,2,0.1,1,2,469,900,1369,830,539,17011
750697.0,347,50,2,0.1,1,2,519,732,1251,830,421,17077
752119.0,348,50,2,0.1,1,2,464,867,1331,830,501,17139
753458.0,349,50,2,0.1,1,2,454,721,1176,830,346,17210
754741.0,350,50,2,0.1,1,2,492,557,1050,830,220,17289
756140.0,351,50,2,0.5,1,2,445,689,1134,830,304,17362
759061.0,352,50,2,0.5,0,1,1253,990,2244,1445,799,17362
761100.0,353,50,2,0.5,0,1,1590,1084,2675,1445,1229,17362
762738.0,354,50,2,0.5,1,2,497,1413,1911,830,1081,17405
764359.0,355,50,2,0.5,1,2,492,493,985,830,155,17490
767521.0,356,50,2,0.5,0,1,1415,1107,2523,1445,1077,17490
770979.0,357,50,2,0.5,0,1,1276,1000,2277,1445,832,17490
772602.0,358,50,2,0.5,1,1,818,1054,1872,1445,427,17567
773841.0,359,50,2,0.5,1,1,807,1149,1956,1445,511,17641
776501.0,360,50,2,0.5,0,2,1604,774,2378,830,1548,17641
778161.0,361,50,2,0.5,1,1,776,1144,1921,1445,475,17716
779584.0,362,50,2,0.5,1,1,829,899,1728,1445,283,17799
782501.0,363,50,2,0.5,0,2,2315,604,2919,830,2089,17799
783922.0,364,50,2,0.5,1,1,776,905,1682,1445,236,17885
786029.0,365,50,2,0.5,0,2,2041,989,3030,830,2200,17885
787488.0,366,50,2,0.5,1,1,806,1022,1828,1445,383,17964
789229.0,367,50,2,0.5,0,2,1600,596,2197,830,1367,17964
790671.0,368,50,2,0.5,1,1,808,993,1801,1445,355,18045
793349.0,369,50,2,0.5,0,2,2198,623,2821,830,1991,18045
795970.0,370,50,2,0.5,0,1,1972,967,2940,1445,1494,18045
797310.0,371,50,2,0.5,1,2,645,596,1241,830,411,18112
799950.0,372,50,2,0.5,0,1,1704,1151,2855,1445,1410,18112
802289.0,373,50,2,0.5,1,1,1245,1078,2323,1445,877,18174
803832.0,374,50,2,0.5,1,1,845,1331,2176,1445,730,18240
805731.0,375,50,2,0.5,1,1,876,1482,2358,1445,912,18301
807432.0,376,50,2,0.5,1,1,781,955,1736,1445,291,18385
810149.0,377,50,2,0.5,0,2,2165,1130,3296,830,2466,18385
813133.0,378,50,2,0.5,0,2,3447,707,4155,830,3325,18385
814619.0,379,50,2,0.5,1,1,855,1000,1855,1445,410,18463
816038.0,380,50,2,0.5,1,1,778,1050,1828,1445,383,18542
818660.0,381,50,2,0.5,0,2,2023,795,2818,830,1988,18542
820457.0,382,50,2,0.5,1,1,916,1198,2114,1445,669,18610
821920.0,383,50,2,0.5,1,1,763,981,1744,1445,299,18693
824521.0,384,50,2,0.5,1,1,762,1808,2570,1445,1125,18749
826279.0,385,50,2,0.5,1,1,777,1050,1828,1445,382,18828
827600.0,386,50,2,0.5,1,1,796,967,1763,1445,317,18910
829762.0,387,50,2,0.5,0,2,2556,616,3172,830,2342,18910
832299.0,388,50,2,0.5,0,2,2356,579,2935,830,2105,18910
833880.0,389,50,2,0.5,1,1,821,1049,1870,1445,425,18987
835742.0,390,50,2,0.5,1,1,813,1227,2041,1445,595,19058
837960.0,391,50,2,0.5,1,1,784,1126,1911,1445,465,19134
839840.0,392,50,2,0.5,1,1,784,1136,1921,1445,475,19209
841722.0,393,50,2,0.5,1,1,771,1136,1907,1445,462,19285
844628.0,394,50,2,0.5,0,2,2914,851,3766,830,2936,19285
846468.0,395,50,2,0.5,0,2,1833,659,2493,830,1663,19285
848707.0,396,50,2,0.5,0,1,1787,1054,2841,1445,1396,19285
850527.0,397,50,2,0.5,0,2,1520,610,2130,830,1300,19285
852267.0,398,50,2,0.5,0,1,1238,1000,2239,1445,793,19285
855669.0,399,50,2,0.5,0,2,2337,811,3148,830,2318,19285
857827.0,400,50,2,0.5,0,1,1718,916,2634,1445,1189,19285
859988.0,401,50,2,0.75,0,1,1691,1000,2691,1445,1246,19285
863068.0,402,50,2,0.75,0,1,1436,1165,2601,1445,1156,19285
865070.0,403,50,2,0.75,0,1,1271,1118,2390,1445,944,19285
867289.0,404,50,2,0.75,0,1,1074,1022,2097,1445,651,19285
869070.0,405,50,2,0.75,1,1,798,1213,2011,1445,566,19357
871132.0,406,50,2,0.75,1,1,1203,1057,2260,1445,815,19421
872670.0,407,50,2,0.75,1,1,901,931,1833,1445,387,19500
875229.0,408,50,2,0.75,0,2,1710,926,2636,830,1806,19500
877129.0,409,50,2,0.75,1,1,760,1118,1879,1445,433,19576
878548.0,410,50,2,0.75,1,1,802,1003,1805,1445,360,19656
879868.0,411,50,2,0.75,1,1,896,1016,1912,1445,466,19732
881628.0,412,50,2,0.75,1,1,783,950,1733,1445,288,19815
885369.0,413,50,2,0.75,0,2,1673,883,2556,830,1726,19815
886571.0,414,50,2,0.75,1,1,769,988,1758,1445,312,19898
888932.0,415,50,2,0.75,0,1,1952,871,2823,1445,1378,19898
891189.0,416,50,2,0.75,0,2,2229,658,2888,830,2058,19898
892711.0,417,50,2,0.75,1,1,794,1115,1910,1445,464,19973
894530.0,418,50,2,0.75,1,1,764,1194,1958,1445,513,20047
896112.0,419,50,2,0.75,1,1,778,972,1750,1445,305,20130
897691.0,420,50,2,0.75,1,1,754,881,1635,1445,190,20218
898990.0,421,50,2,0.75,1,1,785,890,1676,1445,230,20304
900673.0,422,50,2,0.75,1,1,784,1089,1874,1445,428,20381
903093.0,423,50,2,0.75,0,2,1740,595,2335,830,1505,20381
905777.0,424,50,2,0.75,1,1,896,1060,1956,1445,511,20455
906897.0,425,50,2,0.75,1,1,766,948,1715,1445,269,20540
908937.0,426,50,2,0.75,1,1,836,938,1775,1445,329,20621
910637.0,427,50,2,0.75,1,1,764,1203,1968,1445,523,20694
912357.0,428,50,2,0.75,1,1,884,1031,1916,1445,470,20770
913838.0,429,50,2,0.75,1,1,853,1071,1924,1445,478,20845
915317.0,430,50,2,0.75,1,1,746,967,1714,1445,268,20929
916739.0,431,50,2,0.75,1,1,748,764,1512,1445,67,21025
918778.0,432,50,2,0.75,0,2,1654,592,2246,830,1416,21025
920819.0,433,50,2,0.75,1,1,798,1255,2054,1445,608,21095
923259.0,434,50,2,0.75,0,2,1721,815,2536,830,1706,21095
925758.0,435,50,2,0.75,0,2,1721,818,2539,830,1709,21095
927719.0,436,50,2,0.75,1,1,821,1530,2352,1445,906,21157
929899.0,437,50,2,0.75,0,2,2071,874,2946,830,2116,21157
931602.0,438,50,2,0.75,1,1,802,1363,2166,1445,720,21223
933300.0,439,50,2,0.75,1,1,798,1155,1954,1445,509,21297
934822.0,440,50,2,0.75,1,1,750,1016,1767,1445,322,21379
937045.0,441,50,2,0.75,0,2,2069,926,2996,830,2166,21379
938966.0,442,50,2,0.75,1,1,782,1133,1916,1445,471,21455
940563.0,443,50,2,0.75,1,1,900,839,1739,1445,294,21538
941944.0,444,50,2,0.75,1,1,807,1050,1857,1445,411,21615
943164.0,445,50,2,0.75,1,1,763,928,1692,1445,246,21701
944444.0,446,50,2,0.75,1,1,826,933,1759,1445,313,21783
945684.0,447,50,2,0.75,1,1,769,917,1686,1445,240,21869
947703.0,448,50,2,0.75,1,1,811,941,1753,1445,307,21951
949326.0,449,50,2,0.75,1,1,770,1368,2138,1445,693,22019
951445.0,450,50,2,0.75,0,2,1629,755,2385,830,1555,22019
952725.0,451,50,2,0.9,1,1,760,1104,1865,1445,419,22096
956604.0,452,50,2,0.9,0,2,3080,1770,4851,830,4021,22096
958546.0,453,50,2,0.9,1,1,758,1251,2010,1445,564,22168
960346.0,454,50,2,0.9,1,1,764,1088,1852,1445,407,22246
962865.0,455,50,2,0.9,1,1,760,1247,2008,1445,563,22318
964518.0,456,50,2,0.9,1,1,767,854,1622,1445,177,22407
965999.0,457,50,2,0.9,1,1,820,1137,1958,1445,512,22481
967916.0,458,50,2,0.9,1,1,795,909,1704,1445,259,22566
969177.0,459,50,2,0.9,1,1,754,892,1647,1445,202,22654
971519.0,460,50,2,0.9,0,2,1527,635,2162,830,1332,22654
972918.0,461,50,2,0.9,1,1,780,963,1743,1445,298,22737
974677.0,462,50,2,0.9,0,2,1500,604,2104,830,1274,22737
976741.0,463,50,2,0.9,1,1,874,970,1844,1445,399,22815
977998.0,464,50,2,0.9,1,1,859,998,1857,1445,411,22893
979820.0,465,50,2,0.9,1,1,752,1001,1753,1445,308,22975
981758.0,466,50,2,0.9,1,1,1574,944,2518,1445,1073,23033
983498.0,467,50,2,0.9,1,1,765,982,1747,1445,301,23115
985058.0,468,50,2,0.9,1,1,763,1014,1777,1445,331,23197
986540.0,469,50,2,0.9,1,1,789,917,1706,1445,261,23281
987981.0,470,50,2,0.9,1,1,756,918,1675,1445,230,23368
990261.0,471,50,2,0.9,1,1,762,911,1674,1445,228,23454
993121.0,472,50,2,0.9,1,1,792,1818,2611,1445,1166,23509
994872.0,473,50,2,0.9,1,1,821,931,1752,1445,306,23592
996252.0,474,50,2,0.9,1,1,740,897,1638,1445,192,23680
997631.0,475,50,2,0.9,1,1,810,898,1708,1445,263,23765
999211.0,476,50,2,0.9,1,1,771,1105,1876,1445,431,23842
1000472.0,477,50,2,0.9,1,1,789,1171,1960,1445,515,23915
1001953.0,478,50,2,0.9,1,1,785,942,1727,1445,282,23999
1003693.0,479,50,2,0.9,1,1,752,897,1650,1445,204,24087
1005231.0,480,50,2,0.9,1,1,746,980,1726,1445,281,24170
1006991.0,481,50,2,0.9,1,1,733,837,1570,1445,125,24262
1008612.0,482,50,2,0.9,1,1,828,968,1797,1445,351,24343
1010734.0,483,50,2,0.9,1,1,754,1482,2237,1445,791,24407
1012412.0,484,50,2,0.9,1,1,833,1052,1886,1445,440,24484
1014053.0,485,50,2,0.9,1,1,831,894,1726,1445,280,24568
1015472.0,486,50,2,0.9,1,1,761,1072,1834,1445,388,24647
1016833.0,487,50,2,0.9,1,1,751,908,1659,1445,213,24734
1018092.0,488,50,2,0.9,1,1,752,921,1673,1445,227,24820
1019412.0,489,50,2,0.9,1,1,767,902,1670,1445,224,24907
1020872.0,490,50,2,0.9,1,1,782,1097,1880,1445,434,24983
1024052.0,491,50,2,0.9,1,1,773,1697,2470,1445,1025,25042
1025595.0,492,50,2,0.9,1,1,989,870,1860,1445,414,25120
1027638.0,493,50,2,0.9,1,1,843,782,1626,1445,180,25209
1028636.0,494,50,2,0.9,1,1,864,955,1820,1445,374,25288
1031277.0,495,50,2,0.9,1,1,1108,1137,2245,1445,800,25352
1033716.0,496,50,2,0.9,1,1,754,1017,1772,1445,326,25434
1036617.0,497,50,2,0.9,0,2,1811,779,2591,830,1761,25434
1040617.0,498,50,2,0.9,0,1,3622,1241,4864,1445,3419,25434
1042356.0,499,50,2,0.9,1,1,793,1129,1923,1445,477,25509
1043657.0,500,50,2,0.9,1,1,769,1022,1791,1445,345,25590
