2016,2,12,17,7
timestamp, trialNum, blockWidth, position_number, LeftTriggerProbability, rightORwrong, Rewardposition, forageDistance, collectionDistance, totalDistance, optimalTotalDistance, Totaldifference, score
23647.0,1,50,1,0.1,0,2,1087,7034,8122,830,7292,10
26407.0,2,50,1,0.1,0,2,2675,7927,10603,830,9773,18
27649.0,3,50,1,0.1,1,2,515,8678,9193,830,8363,27
28627.0,4,50,1,0.1,1,2,503,9520,10023,830,9193,35
29707.0,5,50,1,0.1,1,2,445,10305,10751,830,9921,43
30828.0,6,50,1,0.1,1,2,462,10977,11439,830,10609,50
32349.0,7,50,1,0.1,1,2,556,11845,12401,830,11571,57
33826.0,8,50,1,0.1,1,2,484,12698,13183,830,12353,63
35146.0,9,50,1,0.1,1,2,489,13739,14229,830,13399,69
35989.0,10,50,1,0.1,1,2,491,14778,15270,830,14440,74
37029.0,11,50,1,0.1,1,2,575,15520,16095,830,15265,79
38029.0,12,50,1,0.1,1,2,507,16502,17010,830,16180,84
39658.0,13,50,1,0.1,1,2,824,18226,19050,830,18220,88
40817.0,14,50,1,0.1,1,2,580,19477,20058,830,19228,93
50256.0,15,50,1,0.1,0,1,17542,20852,38394,830,37564,95
52677.0,16,50,1,0.1,0,2,1734,21668,23403,830,22573,98
53660.0,17,50,1,0.1,1,2,434,22446,22880,830,22050,102
54537.0,18,50,1,0.1,1,2,498,23107,23606,830,22776,105
55857.0,19,50,1,0.1,1,2,487,24118,24605,830,23775,109
56777.0,20,50,1,0.1,1,2,444,25060,25504,830,24674,112
58478.0,21,50,1,0.1,1,2,547,25826,26374,830,25544,115
60038.0,22,50,1,0.1,1,2,961,26419,27380,830,26550,118
61860.0,23,50,1,0.1,1,2,515,27286,27802,830,26972,121
62819.0,24,50,1,0.1,1,2,507,27922,28430,830,27600,124
63718.0,25,50,1,0.1,1,2,505,28617,29123,830,28293,127
64639.0,26,50,1,0.1,1,2,502,29328,29830,830,29000,130
66006.0,27,50,1,0.1,1,2,1057,29842,30899,830,30069,132
67468.0,28,50,1,0.1,1,2,476,30537,31013,830,30183,135
70580.0,29,50,1,0.1,0,1,1490,31579,33070,830,32240,138
72420.0,30,50,1,0.1,0,2,2318,32062,34380,830,33550,140
73240.0,31,50,1,0.1,1,2,544,32671,33216,830,32386,143
75202.0,32,50,1,0.1,0,2,1452,33470,34923,830,34093,145
78260.0,33,50,1,0.1,0,1,1955,34838,36793,830,35963,147
79921.0,34,50,1,0.1,0,2,1905,35606,37511,830,36681,149
81182.0,35,50,1,0.1,1,2,981,36140,37121,830,36291,152
82200.0,36,50,1,0.1,1,2,628,36706,37335,830,36505,154
83382.0,37,50,1,0.1,1,2,606,37454,38060,830,37230,156
85063.0,38,50,1,0.1,0,2,1130,38212,39342,830,38512,158
86721.0,39,50,1,0.1,0,1,1339,38905,40245,830,39415,160
87962.0,40,50,1,0.1,1,2,468,39538,40006,830,39176,162
89100.0,41,50,1,0.1,1,2,452,40354,40806,830,39976,164
90543.0,42,50,1,0.1,1,2,443,40934,41377,830,40547,166
91742.0,43,50,1,0.1,1,2,483,41554,42038,830,41208,168
92821.0,44,50,1,0.1,1,2,458,42248,42706,830,41876,170
94341.0,45,50,1,0.1,1,2,548,43031,43580,830,42750,172
95961.0,46,50,1,0.1,1,2,692,43724,44417,830,43587,174
97082.0,47,50,1,0.1,1,2,471,44326,44798,830,43968,176
98241.0,48,50,1,0.1,1,2,715,44901,45617,830,44787,178
99882.0,49,50,1,0.1,1,2,552,45680,46233,830,45403,180
102305.0,50,50,1,0.1,1,2,520,47314,47835,830,47005,181
104742.0,51,50,1,0.9,0,1,1180,48115,49295,830,48465,183
105703.0,52,50,1,0.9,1,1,474,49072,49547,830,48717,185
107184.0,53,50,1,0.9,1,1,470,49880,50350,830,49520,186
108803.0,54,50,1,0.9,1,1,853,50960,51814,830,50984,188
110223.0,55,50,1,0.9,1,1,468,51708,52177,830,51347,189
111464.0,56,50,1,0.9,1,1,444,52550,52995,830,52165,191
112844.0,57,50,1,0.9,1,1,489,53262,53752,830,52922,193
113863.0,58,50,1,0.9,1,1,461,54131,54592,830,53762,194
115466.0,59,50,1,0.9,1,1,886,54749,55636,830,54806,196
116583.0,60,50,1,0.9,1,1,469,55585,56054,830,55224,197
117984.0,61,50,1,0.9,1,1,514,56588,57102,830,56272,199
120664.0,62,50,1,0.9,0,2,1955,57372,59327,830,58497,200
134529.0,63,50,1,0.9,0,1,4618,58918,63537,830,62707,201
136291.0,64,50,1,0.9,1,1,1014,60589,61603,830,60773,203
137753.0,65,50,1,0.9,1,1,1253,61190,62443,830,61613,204
138931.0,66,50,1,0.9,1,1,1086,62039,63126,830,62296,205
140131.0,67,50,1,0.9,1,1,578,63145,63723,830,62893,207
141711.0,68,50,1,0.9,1,1,1031,63810,64841,830,64011,208
142953.0,69,50,1,0.9,1,1,571,64780,65351,830,64521,209
145174.0,70,50,1,0.9,0,2,2554,65497,68051,830,67221,210
147253.0,71,50,1,0.9,0,1,1712,66532,68245,830,67415,212
148473.0,72,50,1,0.9,1,1,491,67492,67983,830,67153,213
151331.0,73,50,1,0.9,1,1,1012,71959,72972,830,72142,214
153574.0,74,50,1,0.9,0,1,2521,73258,75780,830,74950,215
154892.0,75,50,1,0.9,1,1,467,74392,74860,830,74030,216
157372.0,76,50,1,0.9,0,2,2180,75524,77705,830,76875,217
159763.0,77,50,1,0.9,0,1,1951,76181,78132,830,77302,218
161182.0,78,50,1,0.9,1,1,815,76799,77615,830,76785,219
162401.0,79,50,1,0.9,1,1,544,77771,78315,830,77485,220
163682.0,80,50,1,0.9,1,1,495,78494,78989,830,78159,221
164825.0,81,50,1,0.9,1,1,482,79553,80036,830,79206,222
166725.0,82,50,1,0.9,1,1,479,80763,81242,830,80412,223
167903.0,83,50,1,0.9,1,1,496,81428,81924,830,81094,224
169643.0,84,50,1,0.9,1,1,872,82133,83006,830,82176,225
171003.0,85,50,1,0.9,1,1,642,82705,83348,830,82518,226
172325.0,86,50,1,0.9,1,1,496,83514,84011,830,83181,227
174102.0,87,50,1,0.9,1,1,988,84117,85105,830,84275,228
177625.0,88,50,1,0.9,0,1,3037,85224,88262,830,87432,229
179184.0,89,50,1,0.9,1,1,481,86383,86865,830,86035,230
180606.0,90,50,1,0.9,1,1,560,87362,87922,830,87092,231
181565.0,91,50,1,0.9,1,1,471,88124,88596,830,87766,232
182965.0,92,50,1,0.9,1,1,455,88987,89442,830,88612,233
184106.0,93,50,1,0.9,1,1,458,89692,90151,830,89321,234
185046.0,94,50,1,0.9,1,1,455,90341,90797,830,89967,235
191847.0,95,50,1,0.9,1,1,482,92176,92658,830,91828,236
193427.0,96,50,1,0.9,1,1,546,93088,93634,830,92804,237
194165.0,97,50,1,0.9,1,1,508,93869,94378,830,93548,238
195448.0,98,50,1,0.9,1,1,549,94901,95451,830,94621,238
196627.0,99,50,1,0.9,1,1,511,95657,96168,830,95338,239
197585.0,100,50,1,0.9,1,1,477,96412,96890,830,96060,240
198784.0,101,50,1,0.75,1,1,648,97012,97661,830,96831,241
200107.0,102,50,1,0.75,1,1,527,97736,98263,830,97433,242
201287.0,103,50,1,0.75,1,1,477,98648,99125,830,98295,243
203766.0,104,50,1,0.75,0,2,1960,99367,101328,830,100498,244
205969.0,105,50,1,0.75,0,1,1696,100090,101787,830,100957,244
207007.0,106,50,1,0.75,1,1,532,100950,101483,830,100653,245
208667.0,107,50,1,0.75,1,1,538,102391,102929,830,102099,246
210387.0,108,50,1,0.75,0,2,1564,103480,105045,830,104215,247
212187.0,109,50,1,0.75,0,2,1823,105217,107041,830,106211,248
213507.0,110,50,1,0.75,1,2,529,106083,106612,830,105782,248
215147.0,111,50,1,0.75,0,1,1759,106713,108473,830,107643,249
217328.0,112,50,1,0.75,0,1,1956,108234,110190,830,109360,250
219628.0,113,50,1,0.75,0,1,2092,110086,112178,830,111348,251
223107.0,114,50,1,0.75,0,2,3917,111028,114945,830,114115,251
224249.0,115,50,1,0.75,1,2,472,111866,112338,830,111508,252
226611.0,116,50,1,0.75,0,1,2419,113203,115623,830,114793,253
227847.0,117,50,1,0.75,1,1,530,114223,114754,830,113924,253
229291.0,118,50,1,0.75,1,1,644,114883,115527,830,114697,254
230348.0,119,50,1,0.75,1,1,485,115814,116299,830,115469,255
232108.0,120,50,1,0.75,0,2,1741,116937,118679,830,117849,256
234188.0,121,50,1,0.75,0,1,1704,117652,119356,830,118526,256
235209.0,122,50,1,0.75,1,1,417,118339,118757,830,117927,257
236428.0,123,50,1,0.75,1,1,437,118827,119265,830,118435,258
237532.0,124,50,1,0.75,1,1,474,119463,119938,830,119108,258
238831.0,125,50,1,0.75,1,1,472,120202,120675,830,119845,259
240050.0,126,50,1,0.75,1,1,453,120835,121288,830,120458,260
241949.0,127,50,1,0.75,0,2,1435,121544,122979,830,122149,260
243830.0,128,50,1,0.75,1,1,458,122254,122713,830,121883,261
245272.0,129,50,1,0.75,1,1,448,122888,123337,830,122507,262
247592.0,130,50,1,0.75,0,2,1709,123472,125182,830,124352,262
249292.0,131,50,1,0.75,1,1,790,125125,125916,830,125086,263
250951.0,132,50,1,0.75,1,1,501,126789,127291,830,126461,264
252952.0,133,50,1,0.75,1,1,447,128364,128811,830,127981,264
254753.0,134,50,1,0.75,1,1,454,129897,130351,830,129521,265
258013.0,135,50,1,0.75,0,2,3630,131090,134721,830,133891,266
271652.0,136,50,1,0.75,0,1,5372,133695,139067,830,138237,266
273155.0,137,50,1,0.75,1,1,577,134355,134932,830,134102,267
274432.0,138,50,1,0.75,1,1,546,135012,135559,830,134729,267
276635.0,139,50,1,0.75,0,2,1451,135881,137333,830,136503,268
278794.0,140,50,1,0.75,0,1,1418,137102,138521,830,137691,269
280554.0,141,50,1,0.75,1,1,530,138328,138858,830,138028,269
282033.0,142,50,1,0.75,1,1,486,139549,140035,830,139205,270
283814.0,143,50,1,0.75,1,1,503,141001,141505,830,140675,270
285836.0,144,50,1,0.75,0,2,1677,141596,143273,830,142443,271
287634.0,145,50,1,0.75,0,2,1968,142148,144117,830,143287,272
289254.0,146,50,1,0.75,1,1,664,143449,144113,830,143283,272
296594.0,147,50,1,0.75,0,2,10465,144324,154790,830,153960,273
299076.0,148,50,1,0.75,0,1,1621,145524,147146,830,146316,273
300435.0,149,50,1,0.75,1,1,519,146284,146803,830,145973,274
301615.0,150,50,1,0.75,1,1,527,147201,147728,830,146898,274
302994.0,151,50,1,0.5,1,1,520,147912,148432,830,147602,275
304375.0,152,50,1,0.5,1,1,445,148632,149078,830,148248,276
305535.0,153,50,1,0.5,1,1,431,149279,149711,830,148881,276
306798.0,154,50,1,0.5,1,1,484,150088,150573,830,149743,277
307939.0,155,50,1,0.5,1,1,461,150726,151188,830,150358,277
309336.0,156,50,1,0.5,1,1,472,151342,151815,830,150985,278
311657.0,157,50,1,0.5,0,2,1481,151935,153417,830,152587,278
314437.0,158,50,1,0.5,0,2,1759,152619,154379,830,153549,279
316576.0,159,50,1,0.5,0,1,1832,153244,155076,830,154246,279
318418.0,160,50,1,0.5,0,2,1624,153964,155588,830,154758,280
319418.0,161,50,1,0.5,1,2,458,154683,155141,830,154311,280
320637.0,162,50,1,0.5,1,2,456,155462,155919,830,155089,281
321657.0,163,50,1,0.5,1,2,478,156219,156697,830,155867,282
327701.0,164,50,1,0.5,0,1,7922,157378,165301,830,164471,282
329817.0,165,50,1,0.5,1,1,468,158683,159151,830,158321,283
330977.0,166,50,1,0.5,1,1,526,159540,160066,830,159236,283
333060.0,167,50,1,0.5,0,2,2010,160559,162569,830,161739,284
334240.0,168,50,1,0.5,1,2,494,161235,161729,830,160899,284
336621.0,169,50,1,0.5,0,1,1825,162049,163874,830,163044,285
337858.0,170,50,1,0.5,1,1,471,162941,163412,830,162582,285
340178.0,171,50,1,0.5,0,1,2833,163788,166622,830,165792,286
341259.0,172,50,1,0.5,1,1,454,164478,164933,830,164103,286
345358.0,173,50,1,0.5,0,2,3894,166384,170279,830,169449,287
347279.0,174,50,1,0.5,0,2,1676,167138,168815,830,167985,287
349980.0,175,50,1,0.5,0,1,1897,168010,169907,830,169077,288
354660.0,176,50,1,0.5,0,1,5449,169108,174557,830,173727,288
357560.0,177,50,1,0.5,0,2,1949,169974,171923,830,171093,289
360960.0,178,50,1,0.5,0,1,2566,171466,174033,830,173203,289
362401.0,179,50,1,0.5,1,1,453,172472,172925,830,172095,289
375532.0,180,50,1,0.5,1,1,496,173084,173580,830,172750,290
378211.0,181,50,1,0.5,0,2,2757,173905,176662,830,175832,290
380150.0,182,50,1,0.5,0,1,1831,175075,176907,830,176077,291
431483.0,183,50,1,0.5,0,2,2917,176077,178995,830,178165,291
433443.0,184,50,1,0.5,0,1,1826,177287,179114,830,178284,292
453348.0,185,50,1,0.5,0,2,3273,179184,182457,830,181627,292
468645.0,186,50,1,0.5,0,1,3079,180281,183360,830,182530,293
469666.0,187,50,1,0.5,1,1,507,181200,181708,830,180878,293
471869.0,188,50,1,0.5,0,2,2293,182053,184346,830,183516,294
478727.0,189,50,1,0.5,1,2,487,185972,186459,830,185629,294
501590.0,190,50,1,0.5,1,2,870,187102,187973,830,187143,295
503750.0,191,50,1,0.5,0,1,1867,188004,189872,830,189042,295
505329.0,192,50,1,0.5,0,2,1632,188712,190345,830,189515,295
509268.0,193,50,1,0.5,0,2,11542,189921,201464,830,200634,296
511489.0,194,50,1,0.5,0,1,1905,190623,192528,830,191698,296
512369.0,195,50,1,0.5,1,2,887,191198,192085,830,191255,297
513548.0,196,50,1,0.5,1,1,506,191795,192301,830,191471,297
515509.0,197,50,1,0.5,0,1,1934,192638,194572,830,193742,298
516530.0,198,50,1,0.5,1,1,528,193673,194202,830,193372,298
517749.0,199,50,1,0.5,1,1,501,194554,195055,830,194225,298
519367.0,200,50,1,0.5,1,1,532,196593,197126,830,196296,299
521206.0,201,50,1,0.25,0,2,1825,197470,199296,830,198466,299
522907.0,202,50,1,0.25,0,1,1682,198503,200186,830,199356,300
524968.0,203,50,1,0.25,0,2,1854,199410,201265,830,200435,300
526789.0,204,50,1,0.25,0,1,1798,200245,202043,830,201213,300
528029.0,205,50,1,0.25,1,1,511,200981,201492,830,200662,301
530086.0,206,50,1,0.25,0,2,1695,201799,203495,830,202665,301
532548.0,207,50,1,0.25,0,2,1696,202334,204031,830,203201,302
534367.0,208,50,1,0.25,0,2,1602,203126,204729,830,203899,302
535449.0,209,50,1,0.25,1,2,442,203772,204214,830,203384,302
536589.0,210,50,1,0.25,1,2,479,204473,204952,830,204122,303
538369.0,211,50,1,0.25,0,1,1693,205037,206731,830,205901,303
541267.0,212,50,1,0.25,0,2,2536,205661,208197,830,207367,304
548470.0,213,50,1,0.25,0,2,2238,206476,208715,830,207885,304
550648.0,214,50,1,0.25,1,2,878,208870,209748,830,208918,304
552271.0,215,50,1,0.25,1,2,991,209563,210555,830,209725,305
555070.0,216,50,1,0.25,0,2,3496,210736,214232,830,213402,305
557112.0,217,50,1,0.25,0,1,1952,211627,213580,830,212750,306
559349.0,218,50,1,0.25,0,2,1757,212903,214660,830,213830,306
560631.0,219,50,1,0.25,1,2,456,213813,214270,830,213440,306
562232.0,220,50,1,0.25,1,2,492,214895,215387,830,214557,307
563310.0,221,50,1,0.25,1,2,520,215643,216163,830,215333,307
564991.0,222,50,1,0.25,1,2,470,216465,216936,830,216106,308
566050.0,223,50,1,0.25,1,2,457,217108,217565,830,216735,308
567250.0,224,50,1,0.25,1,2,490,217743,218233,830,217403,308
568591.0,225,50,1,0.25,1,2,447,218399,218846,830,218016,309
571631.0,226,50,1,0.25,0,1,2525,219749,222274,830,221444,309
573992.0,227,50,1,0.25,0,2,2818,221214,224033,830,223203,309
577232.0,228,50,1,0.25,0,1,3914,223753,227668,830,226838,310
578953.0,229,50,1,0.25,1,2,836,226540,227377,830,226547,310
579974.0,230,50,1,0.25,1,2,748,227181,227929,830,227099,311
581112.0,231,50,1,0.25,1,2,545,228031,228577,830,227747,311
582793.0,232,50,1,0.25,1,2,506,228844,229350,830,228520,311
583977.0,233,50,1,0.25,1,2,520,229684,230204,830,229374,312
585214.0,234,50,1,0.25,1,2,665,230272,230937,830,230107,312
586774.0,235,50,1,0.25,1,2,447,230961,231408,830,230578,312
588033.0,236,50,1,0.25,1,2,499,231569,232069,830,231239,313
589396.0,237,50,1,0.25,1,2,557,232272,232829,830,231999,313
590538.0,238,50,1,0.25,1,2,473,233012,233486,830,232656,313
591915.0,239,50,1,0.25,1,2,459,234009,234468,830,233638,314
592916.0,240,50,1,0.25,1,2,520,234878,235398,830,234568,314
593794.0,241,50,1,0.25,1,2,469,235494,235963,830,235133,314
596154.0,242,50,1,0.25,0,1,1930,236640,238571,830,237741,315
598056.0,243,50,1,0.25,0,2,1630,237312,238943,830,238113,315
600076.0,244,50,1,0.25,1,2,837,239262,240099,830,239269,316
601837.0,245,50,1,0.25,1,2,837,241137,241975,830,241145,316
603196.0,246,50,1,0.25,1,2,514,241882,242397,830,241567,316
604616.0,247,50,1,0.25,1,2,526,242536,243063,830,242233,317
607536.0,248,50,1,0.25,0,1,1779,243762,245542,830,244712,317
609051.0,249,50,1,0.25,0,2,1398,244519,245918,830,245088,317
611053.0,250,50,1,0.25,0,1,1636,245291,246928,830,246098,318
613274.0,251,50,2,0.75,1,1,881,246223,247104,1445,245658,318
614534.0,252,50,2,0.75,1,1,828,247229,248057,1445,246611,319
616575.0,253,50,2,0.75,0,2,2395,247844,250239,830,249409,319
617994.0,254,50,2,0.75,1,1,818,249059,249877,1445,248432,320
620655.0,255,50,2,0.75,0,1,2222,250465,252687,1445,251242,320
623093.0,256,50,2,0.75,0,1,2038,252150,254189,1445,252743,321
624575.0,257,50,2,0.75,1,1,1145,253020,254165,1445,252719,321
626295.0,258,50,2,0.75,1,1,1034,254138,255173,1445,253727,322
627714.0,259,50,2,0.75,1,1,801,255165,255966,1445,254520,322
630474.0,260,50,2,0.75,1,1,1654,256884,258539,1445,257093,323
632594.0,261,50,2,0.75,1,1,1970,258349,260320,1445,258874,324
635973.0,262,50,2,0.75,0,2,2996,259350,262346,830,261516,324
637334.0,263,50,2,0.75,1,1,887,260544,261431,1445,259986,324
638434.0,264,50,2,0.75,1,1,776,261583,262359,1445,260914,325
640117.0,265,50,2,0.75,1,1,789,262883,263672,1445,262227,326
641977.0,266,50,2,0.75,1,1,852,264243,265095,1445,263650,326
643096.0,267,50,2,0.75,1,1,844,265398,266242,1445,264797,327
645196.0,268,50,2,0.75,0,1,2307,266523,268830,1445,267384,327
646915.0,269,50,2,0.75,1,1,973,267502,268475,1445,267030,328
648336.0,270,50,2,0.75,1,1,828,268552,269381,1445,267935,328
650016.0,271,50,2,0.75,1,1,799,269527,270327,1445,268881,329
652136.0,272,50,2,0.75,1,1,874,270713,271587,1445,270142,329
653096.0,273,50,2,0.75,1,1,1106,271570,272677,1445,271232,330
655738.0,274,50,2,0.75,1,1,3176,272693,275870,1445,274424,330
657558.0,275,50,2,0.75,1,1,758,273755,274513,1445,273068,331
661256.0,276,50,2,0.75,1,1,870,274786,275656,1445,274211,331
663998.0,277,50,2,0.75,1,1,856,275864,276721,1445,275276,332
670054.0,278,50,2,0.75,0,1,7145,276996,284141,1445,282696,332
672253.0,279,50,2,0.75,1,1,833,277971,278804,1445,277359,333
674533.0,280,50,2,0.75,1,1,758,278911,279670,1445,278225,334
676215.0,281,50,2,0.75,1,1,753,279903,280657,1445,279211,334
677973.0,282,50,2,0.75,1,1,770,280919,281689,1445,280243,335
682055.0,283,50,2,0.75,0,2,1629,283535,285165,830,284335,335
684677.0,284,50,2,0.75,0,1,1714,284837,286552,1445,285106,335
686834.0,285,50,2,0.75,1,1,859,285918,286777,1445,285332,336
688915.0,286,50,2,0.75,1,1,1085,287416,288502,1445,287056,336
691095.0,287,50,2,0.75,1,1,793,288455,289249,1445,287804,337
693375.0,288,50,2,0.75,1,1,1032,290243,291275,1445,289830,337
700205.0,289,50,2,0.75,0,2,9145,292091,301236,830,300406,338
703265.0,290,50,2,0.75,0,1,2733,293232,295965,1445,294520,338
704567.0,291,50,2,0.75,1,2,475,294335,294811,830,293981,338
707467.0,292,50,2,0.75,0,1,2217,295480,297698,1445,296252,339
709847.0,293,50,2,0.75,0,2,2236,296556,298793,830,297963,339
712829.0,294,50,2,0.75,0,1,1881,297696,299578,1445,298132,340
715029.0,295,50,2,0.75,1,1,1056,298759,299815,1445,298369,340
719807.0,296,50,2,0.75,1,1,6791,300344,307135,1445,305690,341
721107.0,297,50,2,0.75,1,1,791,301536,302327,1445,300882,341
723388.0,298,50,2,0.75,0,1,1854,302860,304714,1445,303268,342
725649.0,299,50,2,0.75,0,2,2219,303725,305944,830,305114,342
726828.0,300,50,2,0.75,1,2,443,304239,304682,830,303852,342
729067.0,301,50,2,0.9,0,1,1690,305449,307140,1445,305694,343
730228.0,302,50,2,0.9,1,1,870,306576,307447,1445,306001,343
732469.0,303,50,2,0.9,1,1,789,308201,308990,1445,307545,343
734189.0,304,50,2,0.9,1,1,788,309111,309900,1445,308454,344
736330.0,305,50,2,0.9,0,1,2031,310048,312079,1445,310633,344
738092.0,306,50,2,0.9,1,1,786,311063,311850,1445,310404,345
739430.0,307,50,2,0.9,1,1,795,312306,313102,1445,311656,345
741310.0,308,50,2,0.9,1,1,776,313337,314113,1445,312668,346
742931.0,309,50,2,0.9,1,1,765,314331,315097,1445,313651,346
744671.0,310,50,2,0.9,1,1,773,315278,316051,1445,314606,347
746573.0,311,50,2,0.9,1,1,935,316482,317417,1445,315972,347
748070.0,312,50,2,0.9,1,1,769,317513,318283,1445,316837,348
749490.0,313,50,2,0.9,1,1,810,318417,319227,1445,317782,348
751292.0,314,50,2,0.9,1,1,764,319374,320138,1445,318693,349
752751.0,315,50,2,0.9,1,1,762,320518,321281,1445,319835,349
754111.0,316,50,2,0.9,1,1,791,321398,322190,1445,320745,349
755351.0,317,50,2,0.9,1,1,792,322366,323158,1445,321713,350
756631.0,318,50,2,0.9,1,1,802,323427,324229,1445,322784,350
758014.0,319,50,2,0.9,1,2,534,324497,325032,830,324202,351
760191.0,320,50,2,0.9,0,1,1929,325648,327577,1445,326131,351
762451.0,321,50,2,0.9,0,1,2081,326739,328821,1445,327375,351
763913.0,322,50,2,0.9,1,1,785,327651,328437,1445,326991,352
765113.0,323,50,2,0.9,1,1,807,328608,329416,1445,327970,352
766451.0,324,50,2,0.9,1,1,780,329471,330251,1445,328806,353
768892.0,325,50,2,0.9,0,1,2213,330436,332650,1445,331204,353
770471.0,326,50,2,0.9,1,1,922,331655,332578,1445,331133,354
772733.0,327,50,2,0.9,1,1,756,332967,333724,1445,332278,354
777534.0,328,50,2,0.9,0,2,6306,333962,340268,830,339438,354
780333.0,329,50,2,0.9,0,1,2897,335224,338121,1445,336675,355
783053.0,330,50,2,0.9,0,2,2262,335874,338136,830,337306,355
785235.0,331,50,2,0.9,0,1,2117,336816,338934,1445,337488,355
786433.0,332,50,2,0.9,1,1,766,337803,338569,1445,337124,356
788954.0,333,50,2,0.9,0,2,2193,338808,341002,830,340172,356
790554.0,334,50,2,0.9,1,1,775,339846,340621,1445,339175,357
791434.0,335,50,2,0.9,1,1,779,341004,341784,1445,340339,357
792856.0,336,50,2,0.9,1,1,939,342169,343109,1445,341663,357
793976.0,337,50,2,0.9,1,1,775,343143,343918,1445,342473,358
795354.0,338,50,2,0.9,1,1,778,344184,344963,1445,343517,358
797095.0,339,50,2,0.9,1,1,842,345263,346106,1445,344660,359
798436.0,340,50,2,0.9,1,1,806,346233,347040,1445,345594,359
800975.0,341,50,2,0.9,0,2,2626,347262,349888,830,349058,359
802337.0,342,50,2,0.9,1,1,806,348531,349338,1445,347892,360
803959.0,343,50,2,0.9,1,1,975,350147,351122,1445,349677,360
805818.0,344,50,2,0.9,1,1,772,351758,352531,1445,351085,361
807476.0,345,50,2,0.9,1,1,754,353185,353940,1445,352494,361
809095.0,346,50,2,0.9,1,1,777,354127,354904,1445,353459,361
810797.0,347,50,2,0.9,0,1,2166,355147,357314,1445,355868,362
812078.0,348,50,2,0.9,1,1,782,356197,356979,1445,355533,362
813337.0,349,50,2,0.9,1,1,795,357061,357857,1445,356411,363
816377.0,350,50,2,0.9,0,2,4143,357585,361728,830,360898,363
817437.0,351,50,2,0.1,1,2,516,358290,358806,830,357976,363
818497.0,352,50,2,0.1,1,2,516,359065,359582,830,358752,363
819837.0,353,50,2,0.1,1,2,455,359753,360209,830,359379,363
820878.0,354,50,2,0.1,1,2,434,360416,360851,830,360021,364
823297.0,355,50,2,0.1,1,2,472,362372,362844,830,362014,364
824617.0,356,50,2,0.1,1,2,546,363093,363640,830,362810,364
825797.0,357,50,2,0.1,1,2,528,363722,364250,830,363420,364
826977.0,358,50,2,0.1,1,2,461,364322,364784,830,363954,365
829357.0,359,50,2,0.1,0,1,1917,365331,367248,1445,365803,365
831118.0,360,50,2,0.1,0,2,2190,366106,368296,830,367466,365
833019.0,361,50,2,0.1,0,2,2230,367061,369291,830,368461,365
834378.0,362,50,2,0.1,1,1,795,368056,368852,1445,367406,366
836679.0,363,50,2,0.1,0,2,2209,369072,371281,830,370451,366
838499.0,364,50,2,0.1,1,2,515,370019,370535,830,369705,366
840658.0,365,50,2,0.1,0,1,2248,371069,373317,1445,371871,367
842941.0,366,50,2,0.1,0,2,2360,372055,374416,830,373586,367
843942.0,367,50,2,0.1,1,2,481,372728,373210,830,372380,367
844998.0,368,50,2,0.1,1,2,470,373333,373804,830,372974,367
846039.0,369,50,2,0.1,1,2,476,373953,374429,830,373599,368
847701.0,370,50,2,0.1,1,2,751,374546,375298,830,374468,368
849381.0,371,50,2,0.1,1,2,540,375462,376003,830,375173,368
850740.0,372,50,2,0.1,1,2,543,376563,377106,830,376276,368
851959.0,373,50,2,0.1,1,2,458,377337,377795,830,376965,368
853381.0,374,50,2,0.1,1,2,500,378088,378588,830,377758,369
855621.0,375,50,2,0.1,1,1,910,379684,380595,1445,379149,369
857980.0,376,50,2,0.1,0,2,2355,380395,382751,830,381921,369
859203.0,377,50,2,0.1,1,2,519,381224,381743,830,380913,369
860562.0,378,50,2,0.1,1,2,498,382005,382504,830,381674,370
861361.0,379,50,2,0.1,1,2,475,382696,383172,830,382342,370
862661.0,380,50,2,0.1,1,2,486,383430,383916,830,383086,370
865101.0,381,50,2,0.1,0,2,1828,383969,385798,830,384968,370
867624.0,382,50,2,0.1,0,2,1988,384651,386639,830,385809,371
869362.0,383,50,2,0.1,0,2,2019,385414,387434,830,386604,371
873145.0,384,50,2,0.1,0,2,2026,386064,388091,830,387261,371
875222.0,385,50,2,0.1,1,1,809,387933,388743,1445,387297,371
877704.0,386,50,2,0.1,1,2,600,390161,390761,830,389931,372
879562.0,387,50,2,0.1,0,1,1522,391515,393037,1445,391592,372
880946.0,388,50,2,0.1,1,1,769,392799,393569,1445,392123,372
882703.0,389,50,2,0.1,0,2,2600,393673,396273,830,395443,373
884843.0,390,50,2,0.1,0,2,2447,394539,396987,830,396157,373
886964.0,391,50,2,0.1,0,2,2298,395254,397552,830,396722,373
889066.0,392,50,2,0.1,0,2,1831,395834,397665,830,396835,373
891343.0,393,50,2,0.1,1,2,776,396518,397295,830,396465,373
892603.0,394,50,2,0.1,1,2,572,397576,398149,830,397319,374
893786.0,395,50,2,0.1,1,2,497,398576,399074,830,398244,374
895124.0,396,50,2,0.1,1,2,449,399488,399937,830,399107,374
896384.0,397,50,2,0.1,1,2,468,400183,400652,830,399822,374
897845.0,398,50,2,0.1,1,2,452,400734,401187,830,400357,374
899105.0,399,50,2,0.1,1,2,444,401658,402103,830,401273,375
900164.0,400,50,2,0.1,1,2,476,402436,402913,830,402083,375
902507.0,401,50,2,0.25,0,1,2043,403554,405598,1445,404152,375
905966.0,402,50,2,0.25,0,2,4134,404691,408826,830,407996,375
907427.0,403,50,2,0.25,1,2,454,405609,406063,830,405233,376
908726.0,404,50,2,0.25,1,2,456,406195,406651,830,405821,376
910807.0,405,50,2,0.25,0,1,1871,407023,408894,1445,407448,376
912106.0,406,50,2,0.25,1,1,791,408202,408994,1445,407548,376
913528.0,407,50,2,0.25,1,1,759,409278,410037,1445,408591,377
915886.0,408,50,2,0.25,0,2,2146,410292,412438,830,411608,377
917367.0,409,50,2,0.25,1,1,836,411542,412378,1445,410933,377
919506.0,410,50,2,0.25,0,2,2314,412111,414425,830,413595,378
920709.0,411,50,2,0.25,1,1,782,413201,413983,1445,412538,378
922029.0,412,50,2,0.25,1,1,773,414246,415020,1445,413574,378
924447.0,413,50,2,0.25,0,2,2322,414848,417170,830,416340,378
926029.0,414,50,2,0.25,1,2,452,415500,415953,830,415123,379
928189.0,415,50,2,0.25,0,2,2136,416109,418245,830,417415,379
930927.0,416,50,2,0.25,0,2,2403,416938,419342,830,418512,379
933469.0,417,50,2,0.25,0,2,2374,417536,419910,830,419080,379
936009.0,418,50,2,0.25,0,1,2081,418756,420837,1445,419391,380
937110.0,419,50,2,0.25,1,1,852,419763,420615,1445,419169,380
939329.0,420,50,2,0.25,0,2,2405,420341,422746,830,421916,380
941688.0,421,50,2,0.25,0,2,1932,421219,423151,830,422321,380
943809.0,422,50,2,0.25,0,2,2546,421795,424342,830,423512,381
945110.0,423,50,2,0.25,1,2,453,422459,422912,830,422082,381
947649.0,424,50,2,0.25,0,1,2187,423968,426155,1445,424710,381
949770.0,425,50,2,0.25,0,2,2058,424478,426537,830,425707,381
951769.0,426,50,2,0.25,0,2,2557,425332,427890,830,427060,381
953372.0,427,50,2,0.25,0,2,2026,426002,428029,830,427199,382
956012.0,428,50,2,0.25,0,1,3254,427335,430589,1445,429143,382
957953.0,429,50,2,0.25,0,2,2716,427955,430671,830,429841,382
960210.0,430,50,2,0.25,1,2,457,429717,430175,830,429345,382
961470.0,431,50,2,0.25,1,2,479,430343,430823,830,429993,383
962571.0,432,50,2,0.25,1,2,484,431076,431561,830,430731,383
963670.0,433,50,2,0.25,1,2,492,431730,432223,830,431393,383
964791.0,434,50,2,0.25,1,2,509,432450,432959,830,432129,383
965952.0,435,50,2,0.25,1,2,460,433193,433654,830,432824,383
968539.0,436,50,2,0.25,0,1,2451,434205,436657,1445,435211,384
969459.0,437,50,2,0.25,1,2,455,435053,435509,830,434679,384
970378.0,438,50,2,0.25,1,2,496,435778,436275,830,435445,384
971417.0,439,50,2,0.25,1,2,519,436524,437044,830,436214,384
973782.0,440,50,2,0.25,0,1,2180,437692,439873,1445,438428,385
975340.0,441,50,2,0.25,1,2,451,438476,438927,830,438097,385
977178.0,442,50,2,0.25,0,1,1998,439601,441599,1445,440154,385
979338.0,443,50,2,0.25,0,2,2694,440259,442954,830,442124,385
981619.0,444,50,2,0.25,0,1,1906,441359,443265,1445,441820,386
983201.0,445,50,2,0.25,1,1,833,442437,443270,1445,441825,386
984879.0,446,50,2,0.25,0,2,2095,443219,445314,830,444484,386
985861.0,447,50,2,0.25,1,2,518,443932,444450,830,443620,386
986860.0,448,50,2,0.25,1,2,520,444570,445090,830,444260,386
988341.0,449,50,2,0.25,1,2,661,445214,445876,830,445046,387
990820.0,450,50,2,0.25,0,1,1805,446431,448236,1445,446790,387
993239.0,451,50,2,0.5,0,2,2676,447151,449827,830,448997,387
995000.0,452,50,2,0.5,0,1,2110,448134,450245,1445,448799,387
996040.0,453,50,2,0.5,1,1,848,449077,449925,1445,448479,388
997763.0,454,50,2,0.5,1,1,853,450471,451325,1445,449879,388
999150.0,455,50,2,0.5,1,1,843,451572,452416,1445,450970,388
1001573.0,456,50,2,0.5,0,2,2231,452237,454468,830,453638,389
1002992.0,457,50,2,0.5,1,2,1155,452824,453979,830,453149,389
1004611.0,458,50,2,0.5,1,2,489,453941,454431,830,453601,389
1007251.0,459,50,2,0.5,0,1,2190,455292,457482,1445,456037,389
1009654.0,460,50,2,0.5,0,2,2450,456395,458846,830,458016,390
1011812.0,461,50,2,0.5,0,1,2025,457402,459428,1445,457982,390
1012712.0,462,50,2,0.5,1,1,794,458467,459261,1445,457815,390
1014231.0,463,50,2,0.5,1,1,852,459477,460330,1445,458884,390
1015333.0,464,50,2,0.5,1,1,762,460422,461184,1445,459739,391
1016712.0,465,50,2,0.5,1,1,776,461402,462178,1445,460733,391
1018815.0,466,50,2,0.5,0,2,2877,461990,464868,830,464038,391
1021032.0,467,50,2,0.5,0,1,1978,463054,465032,1445,463586,392
1023232.0,468,50,2,0.5,0,2,2312,463945,466257,830,465427,392
1025413.0,469,50,2,0.5,0,1,1993,465108,467102,1445,465656,392
1027413.0,470,50,2,0.5,0,2,2390,466029,468419,830,467589,392
1028883.0,471,50,2,0.5,1,2,486,467025,467512,830,466682,392
1030083.0,472,50,2,0.5,1,2,457,467653,468110,830,467280,393
1031183.0,473,50,2,0.5,1,2,494,468442,468936,830,468106,393
1032966.0,474,50,2,0.5,0,1,2011,469375,471386,1445,469941,393
1034984.0,475,50,2,0.5,0,2,2341,470201,472542,830,471712,393
1036525.0,476,50,2,0.5,1,2,556,471405,471962,830,471132,393
1037884.0,477,50,2,0.5,1,2,510,472252,472762,830,471932,394
1039185.0,478,50,2,0.5,1,2,464,473224,473689,830,472859,394
1040866.0,479,50,2,0.5,0,1,2096,474197,476293,1445,474848,394
1043024.0,480,50,2,0.5,0,2,2642,475148,477790,830,476960,394
1045264.0,481,50,2,0.5,0,1,1990,476037,478027,1445,476581,395
1046607.0,482,50,2,0.5,1,1,783,477122,477906,1445,476460,395
1047527.0,483,50,2,0.5,1,1,766,478074,478840,1445,477395,395
1050168.0,484,50,2,0.5,0,2,3438,479012,482450,830,481620,395
1051407.0,485,50,2,0.5,1,2,476,479843,480319,830,479489,395
1052525.0,486,50,2,0.5,1,2,480,480657,481137,830,480307,396
1053885.0,487,50,2,0.5,1,2,489,481404,481894,830,481064,396
1055007.0,488,50,2,0.5,1,2,446,482087,482533,830,481703,396
1055806.0,489,50,2,0.5,1,2,490,482798,483289,830,482459,396
1057128.0,490,50,2,0.5,1,2,623,483766,484390,830,483560,396
1059942.0,491,50,2,0.5,0,1,2250,485681,487932,1445,486486,397
1062183.0,492,50,2,0.5,0,2,2037,486278,488315,830,487485,397
1063282.0,493,50,2,0.5,1,2,710,486838,487549,830,486719,397
1064902.0,494,50,2,0.5,1,2,823,487424,488248,830,487418,397
1065943.0,495,50,2,0.5,1,2,460,488235,488695,830,487865,397
1067142.0,496,50,2,0.5,1,2,477,488948,489426,830,488596,398
1068885.0,497,50,2,0.5,0,1,1858,489931,491789,1445,490344,398
1071104.0,498,50,2,0.5,0,2,2394,490775,493169,830,492339,398
1072923.0,499,50,2,0.5,0,1,1721,491815,493537,1445,492091,398
1074266.0,500,50,2,0.5,1,2,514,492799,493314,830,492484,398
